-- =============================================================
-- WINDY HILL CATALOG IMPORT — v2 (flat catalog / tag-based)
-- Run schema migration FIRST, then run this.
-- Paste into Supabase SQL Editor → Run
-- =============================================================

BEGIN;

-- STEP 1: Wipe existing product data
DELETE FROM product_colors;
DELETE FROM product_lengths;
DELETE FROM products;
DELETE FROM colors;

-- STEP 2: Colors
INSERT INTO colors (id, name, hex_code, display_order) VALUES
  ('1f22048a-da0a-4a31-9263-6240a3b27715', 'S-W Ash Gray', '#b2beb5', 1),
  ('cbadaa21-88f1-4ef5-9616-ad7fc6dfa5ac', 'Burnished Slate', '#504541', 2),
  ('da5bc97e-63aa-432d-8226-eaae267569c4', 'Burgundy', '#482a32', 3),
  ('c00e4671-0b77-4c6f-a504-305f1504434c', 'Charcoal', '#615b5d', 4),
  ('a5f3cc66-af2c-416a-ae11-5b1179bf4da2', 'Cocoa Brown', '#8b4513', 5),
  ('fbf08598-b3a7-4c36-8281-62dd1972ce70', 'Taupe/Clay', '#7a685b', 6),
  ('5b17aee3-0ac3-498c-9c08-7a2f48fa80e4', 'Pewter Gray', '#8b8487', 7),
  ('4262bdd7-061e-49b2-8917-383fb0c78f6b', 'Lightstone', '#c9b6aa', 8),
  ('31b0f62b-abdc-45e0-9127-f2c3b07fdf7a', 'Ivory', '#f2e0c3', 9),
  ('6b96eea1-1046-466a-838a-8ca0a180a908', 'Rustic Red', '#7b2e28', 10),
  ('faa8100a-b523-4b9c-b047-a6b1b1248903', 'Buckskin', '#87736c', 11),
  ('aa8dae07-2e39-4dbd-99bd-f2c5ee90bea1', 'Alamo White', '#d4cfd3', 12),
  ('488599a3-c0cd-47bc-8e8e-4b2afbf7d5ed', 'Arctic White', '#fafaf8', 13),
  ('11361127-31c1-4684-b9e0-d315b121116c', 'Arctic White - G100', '#dae6e5', 14),
  ('a33483a0-e15e-4db3-bef5-e174d960d06b', 'Shiny Black', '#000000', 15),
  ('4218d9e6-8ba2-4bec-805e-accab8f84368', 'Evergreen/Hunter Green', '#273c30', 16),
  ('660d1dcb-8062-4fba-a622-7325a48a8ca0', 'Bright Red', '#bf2b2f', 17),
  ('1f6076a8-ef21-4e70-966a-e347c207910e', 'Ocean Blue', '#3d5f71', 18),
  ('83f35804-8089-460a-a9fe-771fae13d201', 'Dark Green', '#355e3b', 19),
  ('732c7e68-9f45-4ee6-9fe0-d969daccf7c0', 'Gallery Blue', '#9bbce4', 20),
  ('df09d032-93c0-4adb-80fd-aa6ce9fcf255', 'Duracoat Native Copper', '#9c6649', 21),
  ('167f1057-abc0-4de2-a3c4-63c5c6f714ce', 'Ash Gray - Crinkle', '#808080', 22),
  ('8f0bb59b-54f0-445b-8761-f3c7038c6c12', 'Burnished Slate - Crinkle', '#5a534d', 23),
  ('6db69806-bfe6-48e4-abc4-3a34c56a935c', 'Charcoal - Crinkle', '#3e4042', 24),
  ('a47c5980-6539-411d-a91b-3d69875eebec', 'Cocoa Brown - Crinkle', '#35281e', 25),
  ('24866f27-ff25-4b63-97fe-086907d043fc', 'Rustic Red - Crinkle', '#703229', 26),
  ('76b350b9-8625-4553-b123-ee42829f1764', 'Buckskin - Crinkle', '#d4ba8c', 27),
  ('0ecb2d8d-dde2-4c2d-b7d6-6fed67f552e4', 'Black - Crinkle', '#2f2f31', 28),
  ('c75b5a44-69bd-4e82-ba70-91a09352c66b', 'Burgundy - Crinkle', '#63333e', 29),
  ('a3cc6c3d-b2d3-4ae4-8212-3d691a1aef69', 'Evergreen - Crinkle', '#3d5b40', 30),
  ('a80260db-6eea-4623-ab0f-16e3eb9ccdac', 'Gallery Blue - Crinkle', '#425566', 31),
  ('b9b792e7-918e-4958-a89f-331eb7f99271', 'Taupe / Clay - Crinkle', '#aea193', 32),
  ('171e0750-1b53-472a-814e-80e4d2c07244', 'Brown', '#5e3b3b', 33),
  ('a60cb5bf-7101-48fa-8a76-6785d8c9f98b', 'Tan', '#ae8f8f', 34),
  ('bcec814d-30b9-47de-b75f-776b5171d53e', 'Ash Gray', '#9ea09e', 35),
  ('63ace80b-3f68-4f2a-85b2-454b2a56fb20', 'Light Stone', '#cfc8b6', 36),
  ('58980f96-1418-4207-8059-4d956857be28', 'Hunter Green', '#2a5138', 37),
  ('34addc7a-6b34-4579-ba8c-ba33358cbd5b', 'Brilliant White', '#f0f0ec', 38),
  ('4d49a582-2f63-4304-aec1-42928381ded3', 'Taupe', '#9e8e7c', 39),
  ('df4808a3-a8b2-4e5c-8fb5-e8aa3cdac573', 'Brite Red', '#c2281a', 40),
  ('b41583ee-9bf8-4d5e-8f36-98e8cd81ea89', 'Copper Metallic', '#b07840', 41),
  ('752d896e-455d-48aa-bd84-9535895e2550', 'Matte Black', '#252525', 42),
  ('1de906f0-dc27-4678-8417-881d592f873f', 'Black', '#000000', 43),
  ('fae8b5ab-5db2-4b3a-a14a-381bc755aed8', 'Clear', NULL, 44),
  ('cabd27de-865c-4c3e-84e0-2b04c18552b3', 'White', '#fffafa', 45),
  ('85483166-32c3-44b6-9d88-4b7504a3807c', 'gray', '#808080', 46),
  ('3d33abb1-1d58-4ae2-adac-1a6fba41640b', 'Grey', NULL, 47);

-- STEP 3: Products (flat catalog, tagged)
INSERT INTO products
  (id, name, gauge, description, unit_type, base_price, product_type, catalog_section, compatible_systems, display_order)
VALUES
  ('c16121a1-94a4-4ffb-9b8d-d2cd02d502fe', 'Ridge Cap — 26 GA Smooth', '26ga', 'Ridge cap trim, 26 GA.', 'linear_foot', 1.6, 'trim', 'ridge_cap', '{ag-panel,standing-seam}', 1),
  ('43397367-276f-416f-9fb5-6a7886c62d68', 'Ridge Cap — 26 GA Crinkle', '26ga', 'Ridge cap trim, 26 GA.', 'linear_foot', 1.6, 'trim', 'ridge_cap', '{ag-panel,standing-seam}', 2),
  ('9033e412-f00a-4bbf-8d8b-88cdb316541d', 'Corners (4") — 26 GA Smooth', '26ga', '4" outside corner trim, 26 GA.', 'linear_foot', 1.75, 'trim', 'misc', '{ag-panel,standing-seam}', 1),
  ('7f0f26f8-889a-48b7-86d3-a642d7adab24', 'Corners (4") — 26 GA Crinkle', '26ga', '4" outside corner trim, 26 GA.', 'linear_foot', 1.75, 'trim', 'misc', '{ag-panel,standing-seam}', 2),
  ('33c4101d-d67a-4154-ac31-d5c79907cebf', 'Inside Corner — 26 GA Smooth', '26ga', 'Inside corner trim, 26 GA.', 'linear_foot', 1.75, 'trim', 'misc', '{ag-panel,standing-seam}', 3),
  ('37e46b9e-b308-4a19-ae8e-2d250549ecaf', 'Inside Corner — 26 GA Crinkle', '26ga', 'Inside corner trim, 26 GA.', 'linear_foot', 1.75, 'trim', 'misc', '{ag-panel,standing-seam}', 4),
  ('aff048d7-d083-45e3-99ff-bc5587c3b7dc', 'Mini Corner (Residential Rake) — 26 GA Smooth', '26ga', 'Mini corner / residential rake trim, 26 GA.', 'linear_foot', 1.35, 'trim', 'rake_trim', '{ag-panel,standing-seam}', 1),
  ('5c561fe9-4f12-4ae9-8fc1-ec5272ee6b48', 'Mini Corner (Residential Rake) — 26 GA Crinkle', '26ga', 'Mini corner / residential rake trim, 26 GA.', 'linear_foot', 1.35, 'trim', 'rake_trim', '{ag-panel,standing-seam}', 2),
  ('1821a870-6d27-4378-97dc-25f2fe8418d9', 'Rake Trim — 26 GA Smooth', '26ga', 'Residential rake trim, 26 GA.', 'linear_foot', 1.6, 'trim', 'rake_trim', '{ag-panel,standing-seam}', 3),
  ('62f4371a-dcc2-4e74-b766-c8daa214597f', 'Rake Trim — 26 GA Crinkle', '26ga', 'Residential rake trim, 26 GA.', 'linear_foot', 1.6, 'trim', 'rake_trim', '{ag-panel,standing-seam}', 4),
  ('1dd067c8-7604-4ad0-9e7b-08996c2a2aa2', 'Overhead Door Trim — 26 GA Smooth', '26ga', 'Overhead door trim, 26 GA.', 'linear_foot', 1.7, 'trim', 'misc', '{ag-panel}', 5),
  ('259556e1-3105-41fa-9b9d-5eb43487e3bc', 'Overhead Door Trim — 26 GA Crinkle', '26ga', 'Overhead door trim, 26 GA.', 'linear_foot', 1.7, 'trim', 'misc', '{ag-panel}', 6),
  ('f709a784-cbc4-4dea-b03c-ece1588ae81b', 'Round Track Cover — 26 GA Smooth', '26ga', 'Round track cover trim, 26 GA.', 'linear_foot', 1.6, 'trim', 'misc', '{ag-panel}', 7),
  ('2aca3c94-a7dd-4375-a078-7d85bfcf266b', 'Round Track Cover — 26 GA Crinkle', '26ga', 'Round track cover trim, 26 GA.', 'linear_foot', 1.6, 'trim', 'misc', '{ag-panel}', 8),
  ('0ff61fb3-691d-477d-8410-21ba577b2dac', 'Residential Valley — 26 GA Smooth', '26ga', 'Residential valley trim. ($21.10 per 10.5 ft piece)', 'linear_foot', 2.01, 'trim', 'valley', '{ag-panel,standing-seam}', 1),
  ('f675fbd9-ab83-459e-addb-0ad1d6dd31d3', 'Residential Valley — 26 GA Crinkle', '26ga', 'Residential valley trim. ($21.10 per 10.5 ft piece)', 'linear_foot', 2.01, 'trim', 'valley', '{ag-panel,standing-seam}', 2),
  ('4f9f0536-2188-4cdb-9883-fd002a7a460f', 'Transition — 26 GA Smooth', '26ga', 'Transition trim, 26 GA.', 'linear_foot', 1.7, 'trim', 'misc', '{ag-panel}', 9),
  ('cad15403-498f-437d-a2d4-dd627879bb3a', 'Transition — 26 GA Crinkle', '26ga', 'Transition trim, 26 GA.', 'linear_foot', 1.7, 'trim', 'misc', '{ag-panel}', 10),
  ('6dbc0b63-a157-46cf-82ca-f4797202152e', 'Hip Cap — 26 GA Smooth', '26ga', 'Hip cap trim, 26 GA.', 'linear_foot', 1.7, 'trim', 'hip_cap', '{ag-panel,standing-seam}', 1),
  ('a5bb4454-3809-4f44-8f7a-184048a944c5', 'Hip Cap — 26 GA Crinkle', '26ga', 'Hip cap trim, 26 GA.', 'linear_foot', 1.7, 'trim', 'hip_cap', '{ag-panel,standing-seam}', 2),
  ('35a6c3c3-1d9b-428c-93ad-21d4cf84ee39', 'End Wall — 26 GA Smooth', '26ga', 'End wall trim, 26 GA.', 'linear_foot', 1.7, 'trim', 'misc', '{ag-panel,standing-seam}', 11),
  ('9922b129-afc4-4d62-8666-ba595b4fb0e4', 'End Wall — 26 GA Crinkle', '26ga', 'End wall trim, 26 GA.', 'linear_foot', 1.7, 'trim', 'misc', '{ag-panel,standing-seam}', 12),
  ('0064358a-7b04-4841-9931-83e0e4df0259', 'Side Wall — 26 GA Smooth', '26ga', 'Side wall trim, 26 GA.', 'linear_foot', 1.7, 'trim', 'misc', '{ag-panel,standing-seam}', 13),
  ('e7a64515-3d8a-4ba4-85db-4c99f5cc0da9', 'Side Wall — 26 GA Crinkle', '26ga', 'Side wall trim, 26 GA.', 'linear_foot', 1.7, 'trim', 'misc', '{ag-panel,standing-seam}', 14),
  ('dfe8f8e6-75b8-4d89-8bb6-0af15a97abbc', 'Drip Edge — 26 GA Smooth', '26ga', 'Drip edge trim, 26 GA.', 'linear_foot', 1.0, 'trim', 'eave_trim', '{ag-panel,standing-seam}', 1),
  ('12cd2240-2bca-4456-b309-8058d9fad950', 'Drip Edge — 26 GA Crinkle', '26ga', 'Drip edge trim, 26 GA.', 'linear_foot', 1.0, 'trim', 'eave_trim', '{ag-panel,standing-seam}', 2),
  ('b5166ef6-7c7e-459d-8f57-0c17bfe0ee90', 'Z Bar — 26 GA Smooth', '26ga', 'Z bar trim, 26 GA.', 'linear_foot', 0.7, 'trim', 'z_bar', '{ag-panel,standing-seam}', 1),
  ('2f84d260-f609-48eb-abc6-e767b7923167', 'Z Bar — 26 GA Crinkle', '26ga', 'Z bar trim, 26 GA.', 'linear_foot', 0.7, 'trim', 'z_bar', '{ag-panel,standing-seam}', 2),
  ('14891bba-f30b-43e7-8809-e74ebcf9177b', 'Rat Guard — 26 GA Smooth', '26ga', 'Rat guard trim.', 'linear_foot', 0.7, 'trim', 'misc', '{ag-panel}', 15),
  ('74836343-7c53-497b-8d09-b7036d2174a3', 'Rat Guard — 26 GA Crinkle', '26ga', 'Rat guard trim.', 'linear_foot', 0.7, 'trim', 'misc', '{ag-panel}', 16),
  ('2689a791-8a3d-4e91-a3eb-29cc247d43ee', 'J-Trim — 26 GA Smooth', '26ga', 'J-trim, 26 GA.', 'linear_foot', 0.7, 'trim', 'misc', '{ag-panel}', 17),
  ('9e16142b-c9e5-475a-8251-a38667f98dd8', 'J-Trim — 26 GA Crinkle', '26ga', 'J-trim, 26 GA.', 'linear_foot', 0.7, 'trim', 'misc', '{ag-panel}', 18),
  ('ab526061-5e9b-462c-b51f-fea447857ae3', 'Drip Cap — 26 GA Smooth', '26ga', 'Drip cap trim.', 'linear_foot', 0.7, 'trim', 'misc', '{ag-panel}', 19),
  ('5962283c-3578-4fd1-b700-ddc7b9fd9495', 'Drip Cap — 26 GA Crinkle', '26ga', 'Drip cap trim.', 'linear_foot', 0.7, 'trim', 'misc', '{ag-panel}', 20),
  ('3b7565e7-7dc4-4a54-ac74-eb04a7ce02be', 'F Channel — 26 GA Smooth', '26ga', 'F channel trim.', 'linear_foot', 0.9, 'trim', 'misc', '{ag-panel}', 21),
  ('50dadd8d-7ab8-4d96-8429-6dff7262fe5f', 'F Channel — 26 GA Crinkle', '26ga', 'F channel trim.', 'linear_foot', 0.9, 'trim', 'misc', '{ag-panel}', 22),
  ('b22e108c-ebb7-4160-8420-41b3ed5ad95e', 'F&J #1 — 26 GA Smooth', '26ga', 'F&J trim #1.', 'linear_foot', 1.4, 'trim', 'misc', '{ag-panel}', 23),
  ('7265595d-6385-4378-961c-d16be0e58c92', 'F&J #1 — 26 GA Crinkle', '26ga', 'F&J trim #1.', 'linear_foot', 1.4, 'trim', 'misc', '{ag-panel}', 24),
  ('075842ba-14cd-43a4-b666-808eb3fc4c6c', 'F&J #2 — 26 GA Smooth', '26ga', 'F&J trim #2.', 'linear_foot', 0.9, 'trim', 'misc', '{ag-panel}', 25),
  ('4a3d6d7b-024f-455f-a10c-e0969b048d47', 'F&J #2 — 26 GA Crinkle', '26ga', 'F&J trim #2.', 'linear_foot', 0.9, 'trim', 'misc', '{ag-panel}', 26);

INSERT INTO products
  (id, name, gauge, description, unit_type, base_price, product_type, catalog_section, compatible_systems, display_order)
VALUES
  ('b062c12f-3148-4d41-b8f2-6999cbf23e55', 'Jamb Cover — 26 GA Smooth', '26ga', 'Jamb cover trim.', 'linear_foot', 1.6, 'trim', 'misc', '{ag-panel}', 27),
  ('cf3a8146-da17-4aba-b90c-7f0704a83305', 'Jamb Cover — 26 GA Crinkle', '26ga', 'Jamb cover trim.', 'linear_foot', 1.6, 'trim', 'misc', '{ag-panel}', 28),
  ('dd0b5208-d599-449e-9019-9958813afd70', 'Fascia Trim — 4" Smooth', NULL, 'Fascia trim in multiple widths, smooth or crinkle finish.', 'linear_foot', 0.9, 'trim', 'misc', '{ag-panel}', 29),
  ('16984a20-6680-4a09-bc5c-cb7e9a1a9e6c', 'Fascia Trim — 4" Crinkle', NULL, 'Fascia trim in multiple widths, smooth or crinkle finish.', 'linear_foot', 0.9, 'trim', 'misc', '{ag-panel}', 30),
  ('a562110a-e9c4-419a-8689-22f5e17db1f4', 'Fascia Trim — 5.5" Smooth', NULL, 'Fascia trim in multiple widths, smooth or crinkle finish.', 'linear_foot', 1.0, 'trim', 'misc', '{ag-panel}', 31),
  ('c39f09f4-bb44-4141-9da9-9eeda52583e2', 'Fascia Trim — 5.5" Crinkle', NULL, 'Fascia trim in multiple widths, smooth or crinkle finish.', 'linear_foot', 1.0, 'trim', 'misc', '{ag-panel}', 32),
  ('c3feb367-cc16-4de5-8a85-5ffadaecc171', 'Fascia Trim — 8" Smooth', NULL, 'Fascia trim in multiple widths, smooth or crinkle finish.', 'linear_foot', 1.4, 'trim', 'misc', '{ag-panel}', 33),
  ('400eb7f4-f653-4e49-803e-b7500b592e67', 'Fascia Trim — 8" Crinkle', NULL, 'Fascia trim in multiple widths, smooth or crinkle finish.', 'linear_foot', 1.4, 'trim', 'misc', '{ag-panel}', 34),
  ('3c8c03ad-2887-49d2-8623-1125e3c10a3f', 'Fascia Trim — W/J Smooth', NULL, 'Fascia trim in multiple widths, smooth or crinkle finish.', 'linear_foot', 1.6, 'trim', 'misc', '{ag-panel}', 35),
  ('3210e6fa-2706-49f4-9624-89ec2317360f', 'Fascia Trim — W/J Crinkle', NULL, 'Fascia trim in multiple widths, smooth or crinkle finish.', 'linear_foot', 1.6, 'trim', 'misc', '{ag-panel}', 36),
  ('1cb44f00-e428-47bc-ad4e-87d6723ec98f', 'Flat Stock', NULL, 'Flat stock sheet metal.', 'square', 4.1, 'trim', 'misc', '{ag-panel,standing-seam}', 37),
  ('b6056bea-681d-4ee4-81b8-9bb87a602bfb', 'Custom Trim / Specialty', NULL, 'Custom or specialty trim, made to order.', 'linear_foot', 1.45, 'trim', 'misc', '{ag-panel,standing-seam}', 38),
  ('6643265d-a0a4-4ef9-b371-3fcef31fddf5', 'Ag Panel — 28 GA Smooth', '28ga', 'Standard AG panel roofing and siding. Available in smooth and crinkle finish.', 'square', 0.0, 'panel', 'panel', '{ag-panel}', 1),
  ('5cbee91c-9bf7-4c34-99e1-92be83490c35', 'Ag Panel — 28 GA Crinkle', '28ga', 'Standard AG panel roofing and siding. Available in smooth and crinkle finish.', 'square', 0.0, 'panel', 'panel', '{ag-panel}', 2),
  ('aa320163-a6d1-4feb-8d3f-1e18ba44b721', 'Liner Panel', NULL, 'Liner panel for interior use.', 'square', 2.85, 'panel', 'panel', '{ag-panel}', 3),
  ('68a54a5c-6d4f-4d3e-9f34-0d380ce7ddbd', 'Galvalume Panel', NULL, 'Galvalume (bare zinc-aluminum coated) panel.', 'square', 2.85, 'panel', 'panel', '{ag-panel}', 4),
  ('78043fee-599c-4642-b4d0-d502eddba90f', 'Copper Panel', NULL, 'Copper finish panel.', 'square', 3.4, 'panel', 'panel', '{ag-panel}', 5),
  ('18752520-c85c-409d-8050-dcf9c1eb3b9c', '26 GA Metal Panel', NULL, '26 gauge metal panel.', 'square', 3.6, 'panel', 'panel', '{ag-panel}', 6),
  ('648e0d2e-5dc1-4d08-9d4b-b177e016999c', 'Stamped Panel', NULL, 'Stamped metal panel.', 'square', 6.35, 'panel', 'panel', '{ag-panel}', 7),
  ('d36ef57d-7b2f-4a75-b293-065b5a0acbe6', 'Vented Soffit', NULL, 'Vented soffit panel.', 'square', 0.75, 'panel', 'panel', '{ag-panel}', 8),
  ('69f816de-4116-4fba-ab9a-da6d46db8f79', 'Aluminum Panel', NULL, 'Aluminum panel.', 'square', 3.6, 'panel', 'panel', '{ag-panel}', 9),
  ('11a6f7c1-1e35-44ac-af1a-424d25ccd952', 'Board & Batten — Standard', NULL, 'Board and batten style metal panel.', 'square', 1.9, 'panel', 'panel', '{ag-panel}', 10),
  ('7ce38441-fc02-415a-a36d-a40a9b71761f', 'Board & Batten — Premium', NULL, 'Board and batten style metal panel.', 'square', 2.4, 'panel', 'panel', '{ag-panel}', 11),
  ('fff615a5-183b-4449-af08-b0abc255c4b5', 'Standing Seam — 1" Seam', NULL, 'Standing seam metal roofing panel.', 'square', 2.35, 'panel', 'panel', '{standing-seam}', 12),
  ('257d867e-ca70-480d-b89c-71150b8ffb0a', 'Standing Seam — 1.5" Seam', NULL, 'Standing seam metal roofing panel.', 'square', 2.4, 'panel', 'panel', '{standing-seam}', 13),
  ('fc5de548-f676-428d-b54a-246328d4f28c', 'Standing Seam — 2" Seam', NULL, 'Standing seam metal roofing panel.', 'square', 3.15, 'panel', 'panel', '{standing-seam}', 14),
  ('439fbc90-26a1-480a-9729-9f4957b9f22d', 'Clear Light Panel (Sunlights)', NULL, 'Translucent clear light / skylight panels.', 'linear_foot', 3.85, 'panel', 'misc', '{ag-panel}', 39),
  ('0bf69866-9e77-4c88-b6ae-6cb06c86f143', 'FloVent Ridge Vent', NULL, 'FloVent foam ridge vent. Roll of foam installed at ridge for ventilation. No color — functional product.', 'linear_foot', 0.0, 'accessory', 'ridge_cap', '{ag-panel,standing-seam}', 3),
  ('25a1d801-98ab-426c-893f-6f6925a1ac06', 'Clear Light Ridge', NULL, 'Clear light ridge cap for translucent ridge panels.', 'each', 38.5, 'accessory', 'ridge_cap', '{ag-panel}', 4),
  ('749cc0ed-7e38-417f-bda0-988ce826f14d', 'Inside Closures', NULL, 'Inside foam closures for AG panel eave or ridge.', 'each', 0.96, 'accessory', 'closure', '{ag-panel,standing-seam}', 1),
  ('bce4d906-adb2-4234-85f2-044667cdc28e', 'Outside Closures', NULL, 'Outside foam closures for AG panel.', 'each', 0.96, 'accessory', 'closure', '{ag-panel,standing-seam}', 2),
  ('d9bad6c4-d3d2-466e-b911-8593a998c386', 'Vented Closures', NULL, 'Vented foam closures for ridge ventilation.', 'each', 5.5, 'accessory', 'closure', '{ag-panel}', 3),
  ('6ef8f19f-a7b4-411e-a572-e85fba45aab7', 'Snow Rail', NULL, 'Snow rail / snow guard rail system.', 'each', 14.3, 'accessory', 'misc', '{ag-panel}', 40),
  ('9a45abae-5a70-4398-811d-6810a5a97ac0', 'Snow Guards', NULL, 'Individual snow guards.', 'each', 4.5, 'accessory', 'misc', '{ag-panel}', 41),
  ('36a94aba-384b-49a6-94a8-10df74437d85', 'Thermo Guard', NULL, 'Thermo guard thermal insulation blanket.', 'each', 130.0, 'underlayment', 'underlayment', '{standing-seam}', 1),
  ('dbafac12-e81d-43ab-b961-21fff4d6ad57', 'Double Bubble Underlayment', NULL, 'Double bubble reflective underlayment.', 'roll', 0.0, 'underlayment', 'underlayment', '{standing-seam}', 2),
  ('e348e48a-2288-452b-8dd9-ddc8e498436f', 'Synthetic Underlayment', NULL, 'Synthetic felt underlayment.', 'roll', 0.0, 'underlayment', 'underlayment', '{standing-seam}', 3),
  ('c79d091e-ae12-4c0f-97c1-30cd9a2a5888', 'Roof Vent — AG Panel Roof Vent', NULL, 'AG panel roof vent.', 'each', 85.0, 'accessory', 'misc', '{ag-panel}', 42),
  ('c1a98ed0-8b82-4064-8ed4-b2dbb14225da', 'Skylight', NULL, 'Skylight translucent panel.', 'linear_foot', 3.85, 'accessory', 'misc', '{ag-panel}', 43),
  ('bee502d7-2d15-4c89-bcf5-e4369d4d5cc4', 'Skylight Cap', NULL, 'Skylight cap / ridge piece.', 'each', 38.5, 'accessory', 'misc', '{ag-panel}', 44);

INSERT INTO products
  (id, name, gauge, description, unit_type, base_price, product_type, catalog_section, compatible_systems, display_order)
VALUES
  ('66234c31-d52b-402e-8159-a08b3f57dd16', 'NovaFlex Roof Caulk — Clear', NULL, 'NovaFlex sealant/caulk for metal roofing.', 'each', 0.0, 'sealant', 'sealant', '{ag-panel,standing-seam}', 1),
  ('527f2db9-9a1f-4cbf-8dd0-c5c9941ac5d4', 'NovaFlex Roof Caulk — Black', NULL, 'NovaFlex sealant/caulk for metal roofing.', 'each', 0.0, 'sealant', 'sealant', '{ag-panel,standing-seam}', 2),
  ('9c49cf36-746d-4857-bdb5-42e324f43ca1', 'NovaFlex Roof Caulk — White', NULL, 'NovaFlex sealant/caulk for metal roofing.', 'each', 0.0, 'sealant', 'sealant', '{ag-panel,standing-seam}', 3),
  ('80fc072e-52be-4d85-9c41-6250aefc82e9', 'NovaFlex Roof Caulk — Alamo White', NULL, 'NovaFlex sealant/caulk for metal roofing.', 'each', 0.0, 'sealant', 'sealant', '{ag-panel,standing-seam}', 4),
  ('e25cfc69-2580-4874-9a09-8b6cfa37e361', 'NovaFlex Roof Caulk — Gray', NULL, 'NovaFlex sealant/caulk for metal roofing.', 'each', 0.0, 'sealant', 'sealant', '{ag-panel,standing-seam}', 5),
  ('52c067c1-3ebf-4889-a0dd-b04f2e6dd13e', 'EM Seal', NULL, 'EM Seal butyl tape or foam sealant.', 'each', 0.0, 'sealant', 'sealant', '{ag-panel,standing-seam}', 6),
  ('8f8add12-76f8-4d04-8e0f-1803683f8be9', 'Rivets — 25 Count', NULL, 'Aluminum rivets for metal panel work.', 'each', 2.3, 'fastener', 'fastener', '{ag-panel,standing-seam}', 1),
  ('f29569e0-2af2-4e67-a46b-d4ba67578a75', 'Rivets — 50 Count', NULL, 'Aluminum rivets for metal panel work.', 'each', 4.5, 'fastener', 'fastener', '{ag-panel,standing-seam}', 2),
  ('b724ee69-413d-4d0d-881c-e225d19e8af9', 'Rivets — 100 Count', NULL, 'Aluminum rivets for metal panel work.', 'each', 8.95, 'fastener', 'fastener', '{ag-panel,standing-seam}', 3),
  ('655a8f16-6b6a-4f6c-b5f9-e7840a31a366', 'AG Panel Screws — Metal-to-Wood 1"', NULL, 'Screws for AG panel installation.', 'each', 0.0, 'fastener', 'fastener', '{ag-panel}', 4),
  ('467d210e-6311-475e-b627-dfcffd862c2e', 'AG Panel Screws — Metal-to-Wood 1.5"', NULL, 'Screws for AG panel installation.', 'each', 0.0, 'fastener', 'fastener', '{ag-panel}', 5),
  ('662b65fc-a5a3-46af-9a25-3eeb18eba38d', 'AG Panel Screws — Metal-to-Wood 2"', NULL, 'Screws for AG panel installation.', 'each', 0.0, 'fastener', 'fastener', '{ag-panel}', 6),
  ('60156c48-db12-4255-b189-de1f167de702', 'AG Panel Screws — Metal-to-Metal 1.5"', NULL, 'Screws for AG panel installation.', 'each', 0.0, 'fastener', 'fastener', '{ag-panel}', 7),
  ('72e1b3cf-ea40-4ec9-8f37-9c850fcf13a3', 'Roof Boot — Boot #3', NULL, 'Standard rubber roof pipe boots.', 'each', 16.5, 'accessory', 'misc', '{ag-panel}', 45),
  ('8d45ce90-0981-4457-849b-070779b38af7', 'Roof Boot — Boot #4', NULL, 'Standard rubber roof pipe boots.', 'each', 22.5, 'accessory', 'misc', '{ag-panel}', 46),
  ('22bceb6b-ffd5-412c-baf2-f0f03cf41cfc', 'Roof Boot — Boot #5', NULL, 'Standard rubber roof pipe boots.', 'each', 24.5, 'accessory', 'misc', '{ag-panel}', 47),
  ('b0677d32-98c1-4dc6-8d87-7af49852e74e', 'Roof Boot — Boot #6', NULL, 'Standard rubber roof pipe boots.', 'each', 28.5, 'accessory', 'misc', '{ag-panel}', 48),
  ('6386aff6-d5be-408e-be7c-75047de515c4', 'Roof Boot — Boot #7', NULL, 'Standard rubber roof pipe boots.', 'each', 32.5, 'accessory', 'misc', '{ag-panel}', 49),
  ('1291f952-d0bc-468f-b121-dcdebf6e6bc1', 'Roof Boot — Boot #8', NULL, 'Standard rubber roof pipe boots.', 'each', 39.5, 'accessory', 'misc', '{ag-panel}', 50),
  ('f75e48ce-8181-4b5d-8a83-1bd7e852c4ce', 'Roof Boot — Boot #9', NULL, 'Standard rubber roof pipe boots.', 'each', 78.5, 'accessory', 'misc', '{ag-panel}', 51),
  ('3a1e8c96-81e6-44a0-a11c-f3a36cdc6d85', 'Split Roof Boot — Split Boot #4', NULL, 'Split rubber pipe boots for existing pipes.', 'each', 38.5, 'accessory', 'misc', '{ag-panel}', 52),
  ('c22a2c4e-2d98-4a28-ac86-900400ee20d3', 'Split Roof Boot — Split Boot #7', NULL, 'Split rubber pipe boots for existing pipes.', 'each', 68.95, 'accessory', 'misc', '{ag-panel}', 53),
  ('0e1c5b3e-153b-4ff8-acc6-873f4b1cb4f7', 'Split Roof Boot — Split Boot #9', NULL, 'Split rubber pipe boots for existing pipes.', 'each', 98.75, 'accessory', 'misc', '{ag-panel}', 54),
  ('cfb10dab-f1f5-4324-9d59-03511e9a391a', 'Hi-Temp Roof Boot — Hi-Temp #3', NULL, 'High-temperature silicone pipe boots for wood stoves / fireplaces.', 'each', 21.5, 'accessory', 'misc', '{ag-panel}', 55),
  ('a12ea492-405d-470f-99af-d818db5dd409', 'Hi-Temp Roof Boot — Hi-Temp #4', NULL, 'High-temperature silicone pipe boots for wood stoves / fireplaces.', 'each', 32.5, 'accessory', 'misc', '{ag-panel}', 56),
  ('4f7a9873-9706-432a-ad86-9a9a2bd63b83', 'Hi-Temp Roof Boot — Hi-Temp #5', NULL, 'High-temperature silicone pipe boots for wood stoves / fireplaces.', 'each', 35.5, 'accessory', 'misc', '{ag-panel}', 57),
  ('dcef870c-d9ea-4810-98de-407227d9970c', 'Hi-Temp Roof Boot — Hi-Temp #7', NULL, 'High-temperature silicone pipe boots for wood stoves / fireplaces.', 'each', 70.75, 'accessory', 'misc', '{ag-panel}', 58),
  ('cda93a8b-0d31-45a1-8b33-2d5515a9aa2a', 'Hi-Temp Roof Boot — Hi-Temp #8', NULL, 'High-temperature silicone pipe boots for wood stoves / fireplaces.', 'each', 90.95, 'accessory', 'misc', '{ag-panel}', 59),
  ('dbb6f073-8f33-48c1-833b-ce4e0de8a05b', 'Hi-Temp Roof Boot — Hi-Temp #9', NULL, 'High-temperature silicone pipe boots for wood stoves / fireplaces.', 'each', 143.5, 'accessory', 'misc', '{ag-panel}', 60),
  ('64597a8b-93f3-4d0f-9309-c35311939b31', 'Sliding Door System', NULL, 'Sliding door hardware system components.', 'each', 0.0, 'accessory', 'misc', '{ag-panel}', 61),
  ('ad565b8b-f594-4835-a1d8-6339a1feec45', 'Windows — 3x3 Window', NULL, 'Metal building windows.', 'each', 168.0, 'accessory', 'misc', '{ag-panel}', 62),
  ('9d4670f8-59d8-441b-a4ad-0c0f5026d880', 'Windows — 4x3 Window', NULL, 'Metal building windows.', 'each', 190.0, 'accessory', 'misc', '{ag-panel}', 63),
  ('49851824-7357-42cf-b011-e41b9208b326', 'Doors — AG Entry Door', NULL, 'Entry and walk doors for metal buildings.', 'each', 410.0, 'accessory', 'misc', '{ag-panel}', 64),
  ('1c51d597-032d-40d4-a6a3-ad6af90a5c46', 'Doors — 4'' AG Door', NULL, 'Entry and walk doors for metal buildings.', 'each', 529.85, 'accessory', 'misc', '{ag-panel}', 65),
  ('8f551d38-bd92-47b2-8e79-59a8d848a502', 'Doors — Fiberglass Door (Standard)', NULL, 'Entry and walk doors for metal buildings.', 'each', 315.0, 'accessory', 'misc', '{ag-panel}', 66),
  ('d2bb6954-160b-4a77-af11-f8133a0a7cb2', 'Doors — Fiberglass Door (Premium)', NULL, 'Entry and walk doors for metal buildings.', 'each', 395.0, 'accessory', 'misc', '{ag-panel}', 67);

-- STEP 4: Product-color links
INSERT INTO product_colors (product_id, color_id) VALUES
  ('c16121a1-94a4-4ffb-9b8d-d2cd02d502fe', '171e0750-1b53-472a-814e-80e4d2c07244'),
  ('c16121a1-94a4-4ffb-9b8d-d2cd02d502fe', 'a60cb5bf-7101-48fa-8a76-6785d8c9f98b'),
  ('c16121a1-94a4-4ffb-9b8d-d2cd02d502fe', 'bcec814d-30b9-47de-b75f-776b5171d53e'),
  ('c16121a1-94a4-4ffb-9b8d-d2cd02d502fe', 'c00e4671-0b77-4c6f-a504-305f1504434c'),
  ('c16121a1-94a4-4ffb-9b8d-d2cd02d502fe', '63ace80b-3f68-4f2a-85b2-454b2a56fb20'),
  ('c16121a1-94a4-4ffb-9b8d-d2cd02d502fe', '58980f96-1418-4207-8059-4d956857be28'),
  ('c16121a1-94a4-4ffb-9b8d-d2cd02d502fe', 'aa8dae07-2e39-4dbd-99bd-f2c5ee90bea1'),
  ('c16121a1-94a4-4ffb-9b8d-d2cd02d502fe', '6b96eea1-1046-466a-838a-8ca0a180a908'),
  ('c16121a1-94a4-4ffb-9b8d-d2cd02d502fe', '1f6076a8-ef21-4e70-966a-e347c207910e'),
  ('c16121a1-94a4-4ffb-9b8d-d2cd02d502fe', '34addc7a-6b34-4579-ba8c-ba33358cbd5b'),
  ('c16121a1-94a4-4ffb-9b8d-d2cd02d502fe', 'da5bc97e-63aa-432d-8226-eaae267569c4'),
  ('c16121a1-94a4-4ffb-9b8d-d2cd02d502fe', '4d49a582-2f63-4304-aec1-42928381ded3'),
  ('c16121a1-94a4-4ffb-9b8d-d2cd02d502fe', 'cbadaa21-88f1-4ef5-9616-ad7fc6dfa5ac'),
  ('c16121a1-94a4-4ffb-9b8d-d2cd02d502fe', '732c7e68-9f45-4ee6-9fe0-d969daccf7c0'),
  ('c16121a1-94a4-4ffb-9b8d-d2cd02d502fe', 'df4808a3-a8b2-4e5c-8fb5-e8aa3cdac573'),
  ('c16121a1-94a4-4ffb-9b8d-d2cd02d502fe', '83f35804-8089-460a-a9fe-771fae13d201'),
  ('c16121a1-94a4-4ffb-9b8d-d2cd02d502fe', 'b41583ee-9bf8-4d5e-8f36-98e8cd81ea89'),
  ('c16121a1-94a4-4ffb-9b8d-d2cd02d502fe', '31b0f62b-abdc-45e0-9127-f2c3b07fdf7a'),
  ('c16121a1-94a4-4ffb-9b8d-d2cd02d502fe', '752d896e-455d-48aa-bd84-9535895e2550'),
  ('c16121a1-94a4-4ffb-9b8d-d2cd02d502fe', '5b17aee3-0ac3-498c-9c08-7a2f48fa80e4'),
  ('43397367-276f-416f-9fb5-6a7886c62d68', '167f1057-abc0-4de2-a3c4-63c5c6f714ce'),
  ('43397367-276f-416f-9fb5-6a7886c62d68', '8f0bb59b-54f0-445b-8761-f3c7038c6c12'),
  ('43397367-276f-416f-9fb5-6a7886c62d68', '6db69806-bfe6-48e4-abc4-3a34c56a935c'),
  ('43397367-276f-416f-9fb5-6a7886c62d68', 'a47c5980-6539-411d-a91b-3d69875eebec'),
  ('43397367-276f-416f-9fb5-6a7886c62d68', '24866f27-ff25-4b63-97fe-086907d043fc'),
  ('43397367-276f-416f-9fb5-6a7886c62d68', '76b350b9-8625-4553-b123-ee42829f1764'),
  ('43397367-276f-416f-9fb5-6a7886c62d68', '0ecb2d8d-dde2-4c2d-b7d6-6fed67f552e4'),
  ('43397367-276f-416f-9fb5-6a7886c62d68', 'c75b5a44-69bd-4e82-ba70-91a09352c66b'),
  ('43397367-276f-416f-9fb5-6a7886c62d68', 'a3cc6c3d-b2d3-4ae4-8212-3d691a1aef69'),
  ('43397367-276f-416f-9fb5-6a7886c62d68', 'a80260db-6eea-4623-ab0f-16e3eb9ccdac'),
  ('43397367-276f-416f-9fb5-6a7886c62d68', 'b9b792e7-918e-4958-a89f-331eb7f99271'),
  ('9033e412-f00a-4bbf-8d8b-88cdb316541d', '171e0750-1b53-472a-814e-80e4d2c07244'),
  ('9033e412-f00a-4bbf-8d8b-88cdb316541d', 'a60cb5bf-7101-48fa-8a76-6785d8c9f98b'),
  ('9033e412-f00a-4bbf-8d8b-88cdb316541d', 'bcec814d-30b9-47de-b75f-776b5171d53e'),
  ('9033e412-f00a-4bbf-8d8b-88cdb316541d', 'c00e4671-0b77-4c6f-a504-305f1504434c'),
  ('9033e412-f00a-4bbf-8d8b-88cdb316541d', '63ace80b-3f68-4f2a-85b2-454b2a56fb20'),
  ('9033e412-f00a-4bbf-8d8b-88cdb316541d', '58980f96-1418-4207-8059-4d956857be28'),
  ('9033e412-f00a-4bbf-8d8b-88cdb316541d', 'aa8dae07-2e39-4dbd-99bd-f2c5ee90bea1'),
  ('9033e412-f00a-4bbf-8d8b-88cdb316541d', '6b96eea1-1046-466a-838a-8ca0a180a908'),
  ('9033e412-f00a-4bbf-8d8b-88cdb316541d', '1f6076a8-ef21-4e70-966a-e347c207910e'),
  ('9033e412-f00a-4bbf-8d8b-88cdb316541d', '34addc7a-6b34-4579-ba8c-ba33358cbd5b'),
  ('9033e412-f00a-4bbf-8d8b-88cdb316541d', 'da5bc97e-63aa-432d-8226-eaae267569c4'),
  ('9033e412-f00a-4bbf-8d8b-88cdb316541d', '4d49a582-2f63-4304-aec1-42928381ded3'),
  ('9033e412-f00a-4bbf-8d8b-88cdb316541d', 'cbadaa21-88f1-4ef5-9616-ad7fc6dfa5ac'),
  ('9033e412-f00a-4bbf-8d8b-88cdb316541d', '732c7e68-9f45-4ee6-9fe0-d969daccf7c0'),
  ('9033e412-f00a-4bbf-8d8b-88cdb316541d', 'df4808a3-a8b2-4e5c-8fb5-e8aa3cdac573'),
  ('9033e412-f00a-4bbf-8d8b-88cdb316541d', '83f35804-8089-460a-a9fe-771fae13d201'),
  ('9033e412-f00a-4bbf-8d8b-88cdb316541d', 'b41583ee-9bf8-4d5e-8f36-98e8cd81ea89'),
  ('9033e412-f00a-4bbf-8d8b-88cdb316541d', '31b0f62b-abdc-45e0-9127-f2c3b07fdf7a'),
  ('9033e412-f00a-4bbf-8d8b-88cdb316541d', '752d896e-455d-48aa-bd84-9535895e2550'),
  ('9033e412-f00a-4bbf-8d8b-88cdb316541d', '5b17aee3-0ac3-498c-9c08-7a2f48fa80e4'),
  ('7f0f26f8-889a-48b7-86d3-a642d7adab24', '167f1057-abc0-4de2-a3c4-63c5c6f714ce'),
  ('7f0f26f8-889a-48b7-86d3-a642d7adab24', '8f0bb59b-54f0-445b-8761-f3c7038c6c12'),
  ('7f0f26f8-889a-48b7-86d3-a642d7adab24', '6db69806-bfe6-48e4-abc4-3a34c56a935c'),
  ('7f0f26f8-889a-48b7-86d3-a642d7adab24', 'a47c5980-6539-411d-a91b-3d69875eebec'),
  ('7f0f26f8-889a-48b7-86d3-a642d7adab24', '24866f27-ff25-4b63-97fe-086907d043fc'),
  ('7f0f26f8-889a-48b7-86d3-a642d7adab24', '76b350b9-8625-4553-b123-ee42829f1764'),
  ('7f0f26f8-889a-48b7-86d3-a642d7adab24', '0ecb2d8d-dde2-4c2d-b7d6-6fed67f552e4'),
  ('7f0f26f8-889a-48b7-86d3-a642d7adab24', 'c75b5a44-69bd-4e82-ba70-91a09352c66b'),
  ('7f0f26f8-889a-48b7-86d3-a642d7adab24', 'a3cc6c3d-b2d3-4ae4-8212-3d691a1aef69'),
  ('7f0f26f8-889a-48b7-86d3-a642d7adab24', 'a80260db-6eea-4623-ab0f-16e3eb9ccdac'),
  ('7f0f26f8-889a-48b7-86d3-a642d7adab24', 'b9b792e7-918e-4958-a89f-331eb7f99271'),
  ('33c4101d-d67a-4154-ac31-d5c79907cebf', '171e0750-1b53-472a-814e-80e4d2c07244'),
  ('33c4101d-d67a-4154-ac31-d5c79907cebf', 'a60cb5bf-7101-48fa-8a76-6785d8c9f98b'),
  ('33c4101d-d67a-4154-ac31-d5c79907cebf', 'bcec814d-30b9-47de-b75f-776b5171d53e'),
  ('33c4101d-d67a-4154-ac31-d5c79907cebf', 'c00e4671-0b77-4c6f-a504-305f1504434c'),
  ('33c4101d-d67a-4154-ac31-d5c79907cebf', '63ace80b-3f68-4f2a-85b2-454b2a56fb20'),
  ('33c4101d-d67a-4154-ac31-d5c79907cebf', '58980f96-1418-4207-8059-4d956857be28'),
  ('33c4101d-d67a-4154-ac31-d5c79907cebf', 'aa8dae07-2e39-4dbd-99bd-f2c5ee90bea1'),
  ('33c4101d-d67a-4154-ac31-d5c79907cebf', '6b96eea1-1046-466a-838a-8ca0a180a908'),
  ('33c4101d-d67a-4154-ac31-d5c79907cebf', '1f6076a8-ef21-4e70-966a-e347c207910e'),
  ('33c4101d-d67a-4154-ac31-d5c79907cebf', '34addc7a-6b34-4579-ba8c-ba33358cbd5b'),
  ('33c4101d-d67a-4154-ac31-d5c79907cebf', 'da5bc97e-63aa-432d-8226-eaae267569c4'),
  ('33c4101d-d67a-4154-ac31-d5c79907cebf', '4d49a582-2f63-4304-aec1-42928381ded3'),
  ('33c4101d-d67a-4154-ac31-d5c79907cebf', 'cbadaa21-88f1-4ef5-9616-ad7fc6dfa5ac'),
  ('33c4101d-d67a-4154-ac31-d5c79907cebf', '732c7e68-9f45-4ee6-9fe0-d969daccf7c0'),
  ('33c4101d-d67a-4154-ac31-d5c79907cebf', 'df4808a3-a8b2-4e5c-8fb5-e8aa3cdac573'),
  ('33c4101d-d67a-4154-ac31-d5c79907cebf', '83f35804-8089-460a-a9fe-771fae13d201'),
  ('33c4101d-d67a-4154-ac31-d5c79907cebf', 'b41583ee-9bf8-4d5e-8f36-98e8cd81ea89'),
  ('33c4101d-d67a-4154-ac31-d5c79907cebf', '31b0f62b-abdc-45e0-9127-f2c3b07fdf7a'),
  ('33c4101d-d67a-4154-ac31-d5c79907cebf', '752d896e-455d-48aa-bd84-9535895e2550'),
  ('33c4101d-d67a-4154-ac31-d5c79907cebf', '5b17aee3-0ac3-498c-9c08-7a2f48fa80e4'),
  ('37e46b9e-b308-4a19-ae8e-2d250549ecaf', '167f1057-abc0-4de2-a3c4-63c5c6f714ce'),
  ('37e46b9e-b308-4a19-ae8e-2d250549ecaf', '8f0bb59b-54f0-445b-8761-f3c7038c6c12'),
  ('37e46b9e-b308-4a19-ae8e-2d250549ecaf', '6db69806-bfe6-48e4-abc4-3a34c56a935c'),
  ('37e46b9e-b308-4a19-ae8e-2d250549ecaf', 'a47c5980-6539-411d-a91b-3d69875eebec'),
  ('37e46b9e-b308-4a19-ae8e-2d250549ecaf', '24866f27-ff25-4b63-97fe-086907d043fc'),
  ('37e46b9e-b308-4a19-ae8e-2d250549ecaf', '76b350b9-8625-4553-b123-ee42829f1764'),
  ('37e46b9e-b308-4a19-ae8e-2d250549ecaf', '0ecb2d8d-dde2-4c2d-b7d6-6fed67f552e4'),
  ('37e46b9e-b308-4a19-ae8e-2d250549ecaf', 'c75b5a44-69bd-4e82-ba70-91a09352c66b'),
  ('37e46b9e-b308-4a19-ae8e-2d250549ecaf', 'a3cc6c3d-b2d3-4ae4-8212-3d691a1aef69'),
  ('37e46b9e-b308-4a19-ae8e-2d250549ecaf', 'a80260db-6eea-4623-ab0f-16e3eb9ccdac'),
  ('37e46b9e-b308-4a19-ae8e-2d250549ecaf', 'b9b792e7-918e-4958-a89f-331eb7f99271'),
  ('aff048d7-d083-45e3-99ff-bc5587c3b7dc', '171e0750-1b53-472a-814e-80e4d2c07244'),
  ('aff048d7-d083-45e3-99ff-bc5587c3b7dc', 'a60cb5bf-7101-48fa-8a76-6785d8c9f98b'),
  ('aff048d7-d083-45e3-99ff-bc5587c3b7dc', 'bcec814d-30b9-47de-b75f-776b5171d53e'),
  ('aff048d7-d083-45e3-99ff-bc5587c3b7dc', 'c00e4671-0b77-4c6f-a504-305f1504434c'),
  ('aff048d7-d083-45e3-99ff-bc5587c3b7dc', '63ace80b-3f68-4f2a-85b2-454b2a56fb20'),
  ('aff048d7-d083-45e3-99ff-bc5587c3b7dc', '58980f96-1418-4207-8059-4d956857be28'),
  ('aff048d7-d083-45e3-99ff-bc5587c3b7dc', 'aa8dae07-2e39-4dbd-99bd-f2c5ee90bea1'),
  ('aff048d7-d083-45e3-99ff-bc5587c3b7dc', '6b96eea1-1046-466a-838a-8ca0a180a908'),
  ('aff048d7-d083-45e3-99ff-bc5587c3b7dc', '1f6076a8-ef21-4e70-966a-e347c207910e'),
  ('aff048d7-d083-45e3-99ff-bc5587c3b7dc', '34addc7a-6b34-4579-ba8c-ba33358cbd5b'),
  ('aff048d7-d083-45e3-99ff-bc5587c3b7dc', 'da5bc97e-63aa-432d-8226-eaae267569c4'),
  ('aff048d7-d083-45e3-99ff-bc5587c3b7dc', '4d49a582-2f63-4304-aec1-42928381ded3'),
  ('aff048d7-d083-45e3-99ff-bc5587c3b7dc', 'cbadaa21-88f1-4ef5-9616-ad7fc6dfa5ac'),
  ('aff048d7-d083-45e3-99ff-bc5587c3b7dc', '732c7e68-9f45-4ee6-9fe0-d969daccf7c0'),
  ('aff048d7-d083-45e3-99ff-bc5587c3b7dc', 'df4808a3-a8b2-4e5c-8fb5-e8aa3cdac573'),
  ('aff048d7-d083-45e3-99ff-bc5587c3b7dc', '83f35804-8089-460a-a9fe-771fae13d201'),
  ('aff048d7-d083-45e3-99ff-bc5587c3b7dc', 'b41583ee-9bf8-4d5e-8f36-98e8cd81ea89'),
  ('aff048d7-d083-45e3-99ff-bc5587c3b7dc', '31b0f62b-abdc-45e0-9127-f2c3b07fdf7a'),
  ('aff048d7-d083-45e3-99ff-bc5587c3b7dc', '752d896e-455d-48aa-bd84-9535895e2550'),
  ('aff048d7-d083-45e3-99ff-bc5587c3b7dc', '5b17aee3-0ac3-498c-9c08-7a2f48fa80e4'),
  ('5c561fe9-4f12-4ae9-8fc1-ec5272ee6b48', '167f1057-abc0-4de2-a3c4-63c5c6f714ce'),
  ('5c561fe9-4f12-4ae9-8fc1-ec5272ee6b48', '8f0bb59b-54f0-445b-8761-f3c7038c6c12'),
  ('5c561fe9-4f12-4ae9-8fc1-ec5272ee6b48', '6db69806-bfe6-48e4-abc4-3a34c56a935c'),
  ('5c561fe9-4f12-4ae9-8fc1-ec5272ee6b48', 'a47c5980-6539-411d-a91b-3d69875eebec'),
  ('5c561fe9-4f12-4ae9-8fc1-ec5272ee6b48', '24866f27-ff25-4b63-97fe-086907d043fc'),
  ('5c561fe9-4f12-4ae9-8fc1-ec5272ee6b48', '76b350b9-8625-4553-b123-ee42829f1764'),
  ('5c561fe9-4f12-4ae9-8fc1-ec5272ee6b48', '0ecb2d8d-dde2-4c2d-b7d6-6fed67f552e4'),
  ('5c561fe9-4f12-4ae9-8fc1-ec5272ee6b48', 'c75b5a44-69bd-4e82-ba70-91a09352c66b'),
  ('5c561fe9-4f12-4ae9-8fc1-ec5272ee6b48', 'a3cc6c3d-b2d3-4ae4-8212-3d691a1aef69'),
  ('5c561fe9-4f12-4ae9-8fc1-ec5272ee6b48', 'a80260db-6eea-4623-ab0f-16e3eb9ccdac'),
  ('5c561fe9-4f12-4ae9-8fc1-ec5272ee6b48', 'b9b792e7-918e-4958-a89f-331eb7f99271'),
  ('1821a870-6d27-4378-97dc-25f2fe8418d9', '171e0750-1b53-472a-814e-80e4d2c07244'),
  ('1821a870-6d27-4378-97dc-25f2fe8418d9', 'a60cb5bf-7101-48fa-8a76-6785d8c9f98b'),
  ('1821a870-6d27-4378-97dc-25f2fe8418d9', 'bcec814d-30b9-47de-b75f-776b5171d53e'),
  ('1821a870-6d27-4378-97dc-25f2fe8418d9', 'c00e4671-0b77-4c6f-a504-305f1504434c'),
  ('1821a870-6d27-4378-97dc-25f2fe8418d9', '63ace80b-3f68-4f2a-85b2-454b2a56fb20'),
  ('1821a870-6d27-4378-97dc-25f2fe8418d9', '58980f96-1418-4207-8059-4d956857be28'),
  ('1821a870-6d27-4378-97dc-25f2fe8418d9', 'aa8dae07-2e39-4dbd-99bd-f2c5ee90bea1'),
  ('1821a870-6d27-4378-97dc-25f2fe8418d9', '6b96eea1-1046-466a-838a-8ca0a180a908'),
  ('1821a870-6d27-4378-97dc-25f2fe8418d9', '1f6076a8-ef21-4e70-966a-e347c207910e'),
  ('1821a870-6d27-4378-97dc-25f2fe8418d9', '34addc7a-6b34-4579-ba8c-ba33358cbd5b'),
  ('1821a870-6d27-4378-97dc-25f2fe8418d9', 'da5bc97e-63aa-432d-8226-eaae267569c4'),
  ('1821a870-6d27-4378-97dc-25f2fe8418d9', '4d49a582-2f63-4304-aec1-42928381ded3'),
  ('1821a870-6d27-4378-97dc-25f2fe8418d9', 'cbadaa21-88f1-4ef5-9616-ad7fc6dfa5ac'),
  ('1821a870-6d27-4378-97dc-25f2fe8418d9', '732c7e68-9f45-4ee6-9fe0-d969daccf7c0'),
  ('1821a870-6d27-4378-97dc-25f2fe8418d9', 'df4808a3-a8b2-4e5c-8fb5-e8aa3cdac573'),
  ('1821a870-6d27-4378-97dc-25f2fe8418d9', '83f35804-8089-460a-a9fe-771fae13d201'),
  ('1821a870-6d27-4378-97dc-25f2fe8418d9', 'b41583ee-9bf8-4d5e-8f36-98e8cd81ea89'),
  ('1821a870-6d27-4378-97dc-25f2fe8418d9', '31b0f62b-abdc-45e0-9127-f2c3b07fdf7a'),
  ('1821a870-6d27-4378-97dc-25f2fe8418d9', '752d896e-455d-48aa-bd84-9535895e2550'),
  ('1821a870-6d27-4378-97dc-25f2fe8418d9', '5b17aee3-0ac3-498c-9c08-7a2f48fa80e4'),
  ('62f4371a-dcc2-4e74-b766-c8daa214597f', '167f1057-abc0-4de2-a3c4-63c5c6f714ce'),
  ('62f4371a-dcc2-4e74-b766-c8daa214597f', '8f0bb59b-54f0-445b-8761-f3c7038c6c12'),
  ('62f4371a-dcc2-4e74-b766-c8daa214597f', '6db69806-bfe6-48e4-abc4-3a34c56a935c'),
  ('62f4371a-dcc2-4e74-b766-c8daa214597f', 'a47c5980-6539-411d-a91b-3d69875eebec'),
  ('62f4371a-dcc2-4e74-b766-c8daa214597f', '24866f27-ff25-4b63-97fe-086907d043fc'),
  ('62f4371a-dcc2-4e74-b766-c8daa214597f', '76b350b9-8625-4553-b123-ee42829f1764'),
  ('62f4371a-dcc2-4e74-b766-c8daa214597f', '0ecb2d8d-dde2-4c2d-b7d6-6fed67f552e4'),
  ('62f4371a-dcc2-4e74-b766-c8daa214597f', 'c75b5a44-69bd-4e82-ba70-91a09352c66b'),
  ('62f4371a-dcc2-4e74-b766-c8daa214597f', 'a3cc6c3d-b2d3-4ae4-8212-3d691a1aef69'),
  ('62f4371a-dcc2-4e74-b766-c8daa214597f', 'a80260db-6eea-4623-ab0f-16e3eb9ccdac'),
  ('62f4371a-dcc2-4e74-b766-c8daa214597f', 'b9b792e7-918e-4958-a89f-331eb7f99271'),
  ('1dd067c8-7604-4ad0-9e7b-08996c2a2aa2', '171e0750-1b53-472a-814e-80e4d2c07244'),
  ('1dd067c8-7604-4ad0-9e7b-08996c2a2aa2', 'a60cb5bf-7101-48fa-8a76-6785d8c9f98b'),
  ('1dd067c8-7604-4ad0-9e7b-08996c2a2aa2', 'bcec814d-30b9-47de-b75f-776b5171d53e'),
  ('1dd067c8-7604-4ad0-9e7b-08996c2a2aa2', 'c00e4671-0b77-4c6f-a504-305f1504434c'),
  ('1dd067c8-7604-4ad0-9e7b-08996c2a2aa2', '63ace80b-3f68-4f2a-85b2-454b2a56fb20'),
  ('1dd067c8-7604-4ad0-9e7b-08996c2a2aa2', '58980f96-1418-4207-8059-4d956857be28'),
  ('1dd067c8-7604-4ad0-9e7b-08996c2a2aa2', 'aa8dae07-2e39-4dbd-99bd-f2c5ee90bea1'),
  ('1dd067c8-7604-4ad0-9e7b-08996c2a2aa2', '6b96eea1-1046-466a-838a-8ca0a180a908'),
  ('1dd067c8-7604-4ad0-9e7b-08996c2a2aa2', '1f6076a8-ef21-4e70-966a-e347c207910e'),
  ('1dd067c8-7604-4ad0-9e7b-08996c2a2aa2', '34addc7a-6b34-4579-ba8c-ba33358cbd5b'),
  ('1dd067c8-7604-4ad0-9e7b-08996c2a2aa2', 'da5bc97e-63aa-432d-8226-eaae267569c4'),
  ('1dd067c8-7604-4ad0-9e7b-08996c2a2aa2', '4d49a582-2f63-4304-aec1-42928381ded3'),
  ('1dd067c8-7604-4ad0-9e7b-08996c2a2aa2', 'cbadaa21-88f1-4ef5-9616-ad7fc6dfa5ac'),
  ('1dd067c8-7604-4ad0-9e7b-08996c2a2aa2', '732c7e68-9f45-4ee6-9fe0-d969daccf7c0'),
  ('1dd067c8-7604-4ad0-9e7b-08996c2a2aa2', 'df4808a3-a8b2-4e5c-8fb5-e8aa3cdac573'),
  ('1dd067c8-7604-4ad0-9e7b-08996c2a2aa2', '83f35804-8089-460a-a9fe-771fae13d201'),
  ('1dd067c8-7604-4ad0-9e7b-08996c2a2aa2', 'b41583ee-9bf8-4d5e-8f36-98e8cd81ea89'),
  ('1dd067c8-7604-4ad0-9e7b-08996c2a2aa2', '31b0f62b-abdc-45e0-9127-f2c3b07fdf7a'),
  ('1dd067c8-7604-4ad0-9e7b-08996c2a2aa2', '752d896e-455d-48aa-bd84-9535895e2550'),
  ('1dd067c8-7604-4ad0-9e7b-08996c2a2aa2', '5b17aee3-0ac3-498c-9c08-7a2f48fa80e4'),
  ('259556e1-3105-41fa-9b9d-5eb43487e3bc', '167f1057-abc0-4de2-a3c4-63c5c6f714ce'),
  ('259556e1-3105-41fa-9b9d-5eb43487e3bc', '8f0bb59b-54f0-445b-8761-f3c7038c6c12'),
  ('259556e1-3105-41fa-9b9d-5eb43487e3bc', '6db69806-bfe6-48e4-abc4-3a34c56a935c'),
  ('259556e1-3105-41fa-9b9d-5eb43487e3bc', 'a47c5980-6539-411d-a91b-3d69875eebec'),
  ('259556e1-3105-41fa-9b9d-5eb43487e3bc', '24866f27-ff25-4b63-97fe-086907d043fc'),
  ('259556e1-3105-41fa-9b9d-5eb43487e3bc', '76b350b9-8625-4553-b123-ee42829f1764'),
  ('259556e1-3105-41fa-9b9d-5eb43487e3bc', '0ecb2d8d-dde2-4c2d-b7d6-6fed67f552e4'),
  ('259556e1-3105-41fa-9b9d-5eb43487e3bc', 'c75b5a44-69bd-4e82-ba70-91a09352c66b'),
  ('259556e1-3105-41fa-9b9d-5eb43487e3bc', 'a3cc6c3d-b2d3-4ae4-8212-3d691a1aef69'),
  ('259556e1-3105-41fa-9b9d-5eb43487e3bc', 'a80260db-6eea-4623-ab0f-16e3eb9ccdac'),
  ('259556e1-3105-41fa-9b9d-5eb43487e3bc', 'b9b792e7-918e-4958-a89f-331eb7f99271'),
  ('f709a784-cbc4-4dea-b03c-ece1588ae81b', '171e0750-1b53-472a-814e-80e4d2c07244'),
  ('f709a784-cbc4-4dea-b03c-ece1588ae81b', 'a60cb5bf-7101-48fa-8a76-6785d8c9f98b'),
  ('f709a784-cbc4-4dea-b03c-ece1588ae81b', 'bcec814d-30b9-47de-b75f-776b5171d53e'),
  ('f709a784-cbc4-4dea-b03c-ece1588ae81b', 'c00e4671-0b77-4c6f-a504-305f1504434c'),
  ('f709a784-cbc4-4dea-b03c-ece1588ae81b', '63ace80b-3f68-4f2a-85b2-454b2a56fb20'),
  ('f709a784-cbc4-4dea-b03c-ece1588ae81b', '58980f96-1418-4207-8059-4d956857be28'),
  ('f709a784-cbc4-4dea-b03c-ece1588ae81b', 'aa8dae07-2e39-4dbd-99bd-f2c5ee90bea1'),
  ('f709a784-cbc4-4dea-b03c-ece1588ae81b', '6b96eea1-1046-466a-838a-8ca0a180a908'),
  ('f709a784-cbc4-4dea-b03c-ece1588ae81b', '1f6076a8-ef21-4e70-966a-e347c207910e'),
  ('f709a784-cbc4-4dea-b03c-ece1588ae81b', '34addc7a-6b34-4579-ba8c-ba33358cbd5b'),
  ('f709a784-cbc4-4dea-b03c-ece1588ae81b', 'da5bc97e-63aa-432d-8226-eaae267569c4'),
  ('f709a784-cbc4-4dea-b03c-ece1588ae81b', '4d49a582-2f63-4304-aec1-42928381ded3'),
  ('f709a784-cbc4-4dea-b03c-ece1588ae81b', 'cbadaa21-88f1-4ef5-9616-ad7fc6dfa5ac'),
  ('f709a784-cbc4-4dea-b03c-ece1588ae81b', '732c7e68-9f45-4ee6-9fe0-d969daccf7c0');

INSERT INTO product_colors (product_id, color_id) VALUES
  ('f709a784-cbc4-4dea-b03c-ece1588ae81b', 'df4808a3-a8b2-4e5c-8fb5-e8aa3cdac573'),
  ('f709a784-cbc4-4dea-b03c-ece1588ae81b', '83f35804-8089-460a-a9fe-771fae13d201'),
  ('f709a784-cbc4-4dea-b03c-ece1588ae81b', 'b41583ee-9bf8-4d5e-8f36-98e8cd81ea89'),
  ('f709a784-cbc4-4dea-b03c-ece1588ae81b', '31b0f62b-abdc-45e0-9127-f2c3b07fdf7a'),
  ('f709a784-cbc4-4dea-b03c-ece1588ae81b', '752d896e-455d-48aa-bd84-9535895e2550'),
  ('f709a784-cbc4-4dea-b03c-ece1588ae81b', '5b17aee3-0ac3-498c-9c08-7a2f48fa80e4'),
  ('2aca3c94-a7dd-4375-a078-7d85bfcf266b', '167f1057-abc0-4de2-a3c4-63c5c6f714ce'),
  ('2aca3c94-a7dd-4375-a078-7d85bfcf266b', '8f0bb59b-54f0-445b-8761-f3c7038c6c12'),
  ('2aca3c94-a7dd-4375-a078-7d85bfcf266b', '6db69806-bfe6-48e4-abc4-3a34c56a935c'),
  ('2aca3c94-a7dd-4375-a078-7d85bfcf266b', 'a47c5980-6539-411d-a91b-3d69875eebec'),
  ('2aca3c94-a7dd-4375-a078-7d85bfcf266b', '24866f27-ff25-4b63-97fe-086907d043fc'),
  ('2aca3c94-a7dd-4375-a078-7d85bfcf266b', '76b350b9-8625-4553-b123-ee42829f1764'),
  ('2aca3c94-a7dd-4375-a078-7d85bfcf266b', '0ecb2d8d-dde2-4c2d-b7d6-6fed67f552e4'),
  ('2aca3c94-a7dd-4375-a078-7d85bfcf266b', 'c75b5a44-69bd-4e82-ba70-91a09352c66b'),
  ('2aca3c94-a7dd-4375-a078-7d85bfcf266b', 'a3cc6c3d-b2d3-4ae4-8212-3d691a1aef69'),
  ('2aca3c94-a7dd-4375-a078-7d85bfcf266b', 'a80260db-6eea-4623-ab0f-16e3eb9ccdac'),
  ('2aca3c94-a7dd-4375-a078-7d85bfcf266b', 'b9b792e7-918e-4958-a89f-331eb7f99271'),
  ('0ff61fb3-691d-477d-8410-21ba577b2dac', '171e0750-1b53-472a-814e-80e4d2c07244'),
  ('0ff61fb3-691d-477d-8410-21ba577b2dac', 'a60cb5bf-7101-48fa-8a76-6785d8c9f98b'),
  ('0ff61fb3-691d-477d-8410-21ba577b2dac', 'bcec814d-30b9-47de-b75f-776b5171d53e'),
  ('0ff61fb3-691d-477d-8410-21ba577b2dac', 'c00e4671-0b77-4c6f-a504-305f1504434c'),
  ('0ff61fb3-691d-477d-8410-21ba577b2dac', '63ace80b-3f68-4f2a-85b2-454b2a56fb20'),
  ('0ff61fb3-691d-477d-8410-21ba577b2dac', '58980f96-1418-4207-8059-4d956857be28'),
  ('0ff61fb3-691d-477d-8410-21ba577b2dac', 'aa8dae07-2e39-4dbd-99bd-f2c5ee90bea1'),
  ('0ff61fb3-691d-477d-8410-21ba577b2dac', '6b96eea1-1046-466a-838a-8ca0a180a908'),
  ('0ff61fb3-691d-477d-8410-21ba577b2dac', '1f6076a8-ef21-4e70-966a-e347c207910e'),
  ('0ff61fb3-691d-477d-8410-21ba577b2dac', '34addc7a-6b34-4579-ba8c-ba33358cbd5b'),
  ('0ff61fb3-691d-477d-8410-21ba577b2dac', 'da5bc97e-63aa-432d-8226-eaae267569c4'),
  ('0ff61fb3-691d-477d-8410-21ba577b2dac', '4d49a582-2f63-4304-aec1-42928381ded3'),
  ('0ff61fb3-691d-477d-8410-21ba577b2dac', 'cbadaa21-88f1-4ef5-9616-ad7fc6dfa5ac'),
  ('0ff61fb3-691d-477d-8410-21ba577b2dac', '732c7e68-9f45-4ee6-9fe0-d969daccf7c0'),
  ('0ff61fb3-691d-477d-8410-21ba577b2dac', 'df4808a3-a8b2-4e5c-8fb5-e8aa3cdac573'),
  ('0ff61fb3-691d-477d-8410-21ba577b2dac', '83f35804-8089-460a-a9fe-771fae13d201'),
  ('0ff61fb3-691d-477d-8410-21ba577b2dac', 'b41583ee-9bf8-4d5e-8f36-98e8cd81ea89'),
  ('0ff61fb3-691d-477d-8410-21ba577b2dac', '31b0f62b-abdc-45e0-9127-f2c3b07fdf7a'),
  ('0ff61fb3-691d-477d-8410-21ba577b2dac', '752d896e-455d-48aa-bd84-9535895e2550'),
  ('0ff61fb3-691d-477d-8410-21ba577b2dac', '5b17aee3-0ac3-498c-9c08-7a2f48fa80e4'),
  ('f675fbd9-ab83-459e-addb-0ad1d6dd31d3', '167f1057-abc0-4de2-a3c4-63c5c6f714ce'),
  ('f675fbd9-ab83-459e-addb-0ad1d6dd31d3', '8f0bb59b-54f0-445b-8761-f3c7038c6c12'),
  ('f675fbd9-ab83-459e-addb-0ad1d6dd31d3', '6db69806-bfe6-48e4-abc4-3a34c56a935c'),
  ('f675fbd9-ab83-459e-addb-0ad1d6dd31d3', 'a47c5980-6539-411d-a91b-3d69875eebec'),
  ('f675fbd9-ab83-459e-addb-0ad1d6dd31d3', '24866f27-ff25-4b63-97fe-086907d043fc'),
  ('f675fbd9-ab83-459e-addb-0ad1d6dd31d3', '76b350b9-8625-4553-b123-ee42829f1764'),
  ('f675fbd9-ab83-459e-addb-0ad1d6dd31d3', '0ecb2d8d-dde2-4c2d-b7d6-6fed67f552e4'),
  ('f675fbd9-ab83-459e-addb-0ad1d6dd31d3', 'c75b5a44-69bd-4e82-ba70-91a09352c66b'),
  ('f675fbd9-ab83-459e-addb-0ad1d6dd31d3', 'a3cc6c3d-b2d3-4ae4-8212-3d691a1aef69'),
  ('f675fbd9-ab83-459e-addb-0ad1d6dd31d3', 'a80260db-6eea-4623-ab0f-16e3eb9ccdac'),
  ('f675fbd9-ab83-459e-addb-0ad1d6dd31d3', 'b9b792e7-918e-4958-a89f-331eb7f99271'),
  ('4f9f0536-2188-4cdb-9883-fd002a7a460f', '171e0750-1b53-472a-814e-80e4d2c07244'),
  ('4f9f0536-2188-4cdb-9883-fd002a7a460f', 'a60cb5bf-7101-48fa-8a76-6785d8c9f98b'),
  ('4f9f0536-2188-4cdb-9883-fd002a7a460f', 'bcec814d-30b9-47de-b75f-776b5171d53e'),
  ('4f9f0536-2188-4cdb-9883-fd002a7a460f', 'c00e4671-0b77-4c6f-a504-305f1504434c'),
  ('4f9f0536-2188-4cdb-9883-fd002a7a460f', '63ace80b-3f68-4f2a-85b2-454b2a56fb20'),
  ('4f9f0536-2188-4cdb-9883-fd002a7a460f', '58980f96-1418-4207-8059-4d956857be28'),
  ('4f9f0536-2188-4cdb-9883-fd002a7a460f', 'aa8dae07-2e39-4dbd-99bd-f2c5ee90bea1'),
  ('4f9f0536-2188-4cdb-9883-fd002a7a460f', '6b96eea1-1046-466a-838a-8ca0a180a908'),
  ('4f9f0536-2188-4cdb-9883-fd002a7a460f', '1f6076a8-ef21-4e70-966a-e347c207910e'),
  ('4f9f0536-2188-4cdb-9883-fd002a7a460f', '34addc7a-6b34-4579-ba8c-ba33358cbd5b'),
  ('4f9f0536-2188-4cdb-9883-fd002a7a460f', 'da5bc97e-63aa-432d-8226-eaae267569c4'),
  ('4f9f0536-2188-4cdb-9883-fd002a7a460f', '4d49a582-2f63-4304-aec1-42928381ded3'),
  ('4f9f0536-2188-4cdb-9883-fd002a7a460f', 'cbadaa21-88f1-4ef5-9616-ad7fc6dfa5ac'),
  ('4f9f0536-2188-4cdb-9883-fd002a7a460f', '732c7e68-9f45-4ee6-9fe0-d969daccf7c0'),
  ('4f9f0536-2188-4cdb-9883-fd002a7a460f', 'df4808a3-a8b2-4e5c-8fb5-e8aa3cdac573'),
  ('4f9f0536-2188-4cdb-9883-fd002a7a460f', '83f35804-8089-460a-a9fe-771fae13d201'),
  ('4f9f0536-2188-4cdb-9883-fd002a7a460f', 'b41583ee-9bf8-4d5e-8f36-98e8cd81ea89'),
  ('4f9f0536-2188-4cdb-9883-fd002a7a460f', '31b0f62b-abdc-45e0-9127-f2c3b07fdf7a'),
  ('4f9f0536-2188-4cdb-9883-fd002a7a460f', '752d896e-455d-48aa-bd84-9535895e2550'),
  ('4f9f0536-2188-4cdb-9883-fd002a7a460f', '5b17aee3-0ac3-498c-9c08-7a2f48fa80e4'),
  ('cad15403-498f-437d-a2d4-dd627879bb3a', '167f1057-abc0-4de2-a3c4-63c5c6f714ce'),
  ('cad15403-498f-437d-a2d4-dd627879bb3a', '8f0bb59b-54f0-445b-8761-f3c7038c6c12'),
  ('cad15403-498f-437d-a2d4-dd627879bb3a', '6db69806-bfe6-48e4-abc4-3a34c56a935c'),
  ('cad15403-498f-437d-a2d4-dd627879bb3a', 'a47c5980-6539-411d-a91b-3d69875eebec'),
  ('cad15403-498f-437d-a2d4-dd627879bb3a', '24866f27-ff25-4b63-97fe-086907d043fc'),
  ('cad15403-498f-437d-a2d4-dd627879bb3a', '76b350b9-8625-4553-b123-ee42829f1764'),
  ('cad15403-498f-437d-a2d4-dd627879bb3a', '0ecb2d8d-dde2-4c2d-b7d6-6fed67f552e4'),
  ('cad15403-498f-437d-a2d4-dd627879bb3a', 'c75b5a44-69bd-4e82-ba70-91a09352c66b'),
  ('cad15403-498f-437d-a2d4-dd627879bb3a', 'a3cc6c3d-b2d3-4ae4-8212-3d691a1aef69'),
  ('cad15403-498f-437d-a2d4-dd627879bb3a', 'a80260db-6eea-4623-ab0f-16e3eb9ccdac'),
  ('cad15403-498f-437d-a2d4-dd627879bb3a', 'b9b792e7-918e-4958-a89f-331eb7f99271'),
  ('6dbc0b63-a157-46cf-82ca-f4797202152e', '171e0750-1b53-472a-814e-80e4d2c07244'),
  ('6dbc0b63-a157-46cf-82ca-f4797202152e', 'a60cb5bf-7101-48fa-8a76-6785d8c9f98b'),
  ('6dbc0b63-a157-46cf-82ca-f4797202152e', 'bcec814d-30b9-47de-b75f-776b5171d53e'),
  ('6dbc0b63-a157-46cf-82ca-f4797202152e', 'c00e4671-0b77-4c6f-a504-305f1504434c'),
  ('6dbc0b63-a157-46cf-82ca-f4797202152e', '63ace80b-3f68-4f2a-85b2-454b2a56fb20'),
  ('6dbc0b63-a157-46cf-82ca-f4797202152e', '58980f96-1418-4207-8059-4d956857be28'),
  ('6dbc0b63-a157-46cf-82ca-f4797202152e', 'aa8dae07-2e39-4dbd-99bd-f2c5ee90bea1'),
  ('6dbc0b63-a157-46cf-82ca-f4797202152e', '6b96eea1-1046-466a-838a-8ca0a180a908'),
  ('6dbc0b63-a157-46cf-82ca-f4797202152e', '1f6076a8-ef21-4e70-966a-e347c207910e'),
  ('6dbc0b63-a157-46cf-82ca-f4797202152e', '34addc7a-6b34-4579-ba8c-ba33358cbd5b'),
  ('6dbc0b63-a157-46cf-82ca-f4797202152e', 'da5bc97e-63aa-432d-8226-eaae267569c4'),
  ('6dbc0b63-a157-46cf-82ca-f4797202152e', '4d49a582-2f63-4304-aec1-42928381ded3'),
  ('6dbc0b63-a157-46cf-82ca-f4797202152e', 'cbadaa21-88f1-4ef5-9616-ad7fc6dfa5ac'),
  ('6dbc0b63-a157-46cf-82ca-f4797202152e', '732c7e68-9f45-4ee6-9fe0-d969daccf7c0'),
  ('6dbc0b63-a157-46cf-82ca-f4797202152e', 'df4808a3-a8b2-4e5c-8fb5-e8aa3cdac573'),
  ('6dbc0b63-a157-46cf-82ca-f4797202152e', '83f35804-8089-460a-a9fe-771fae13d201'),
  ('6dbc0b63-a157-46cf-82ca-f4797202152e', 'b41583ee-9bf8-4d5e-8f36-98e8cd81ea89'),
  ('6dbc0b63-a157-46cf-82ca-f4797202152e', '31b0f62b-abdc-45e0-9127-f2c3b07fdf7a'),
  ('6dbc0b63-a157-46cf-82ca-f4797202152e', '752d896e-455d-48aa-bd84-9535895e2550'),
  ('6dbc0b63-a157-46cf-82ca-f4797202152e', '5b17aee3-0ac3-498c-9c08-7a2f48fa80e4'),
  ('a5bb4454-3809-4f44-8f7a-184048a944c5', '167f1057-abc0-4de2-a3c4-63c5c6f714ce'),
  ('a5bb4454-3809-4f44-8f7a-184048a944c5', '8f0bb59b-54f0-445b-8761-f3c7038c6c12'),
  ('a5bb4454-3809-4f44-8f7a-184048a944c5', '6db69806-bfe6-48e4-abc4-3a34c56a935c'),
  ('a5bb4454-3809-4f44-8f7a-184048a944c5', 'a47c5980-6539-411d-a91b-3d69875eebec'),
  ('a5bb4454-3809-4f44-8f7a-184048a944c5', '24866f27-ff25-4b63-97fe-086907d043fc'),
  ('a5bb4454-3809-4f44-8f7a-184048a944c5', '76b350b9-8625-4553-b123-ee42829f1764'),
  ('a5bb4454-3809-4f44-8f7a-184048a944c5', '0ecb2d8d-dde2-4c2d-b7d6-6fed67f552e4'),
  ('a5bb4454-3809-4f44-8f7a-184048a944c5', 'c75b5a44-69bd-4e82-ba70-91a09352c66b'),
  ('a5bb4454-3809-4f44-8f7a-184048a944c5', 'a3cc6c3d-b2d3-4ae4-8212-3d691a1aef69'),
  ('a5bb4454-3809-4f44-8f7a-184048a944c5', 'a80260db-6eea-4623-ab0f-16e3eb9ccdac'),
  ('a5bb4454-3809-4f44-8f7a-184048a944c5', 'b9b792e7-918e-4958-a89f-331eb7f99271'),
  ('35a6c3c3-1d9b-428c-93ad-21d4cf84ee39', '171e0750-1b53-472a-814e-80e4d2c07244'),
  ('35a6c3c3-1d9b-428c-93ad-21d4cf84ee39', 'a60cb5bf-7101-48fa-8a76-6785d8c9f98b'),
  ('35a6c3c3-1d9b-428c-93ad-21d4cf84ee39', 'bcec814d-30b9-47de-b75f-776b5171d53e'),
  ('35a6c3c3-1d9b-428c-93ad-21d4cf84ee39', 'c00e4671-0b77-4c6f-a504-305f1504434c'),
  ('35a6c3c3-1d9b-428c-93ad-21d4cf84ee39', '63ace80b-3f68-4f2a-85b2-454b2a56fb20'),
  ('35a6c3c3-1d9b-428c-93ad-21d4cf84ee39', '58980f96-1418-4207-8059-4d956857be28'),
  ('35a6c3c3-1d9b-428c-93ad-21d4cf84ee39', 'aa8dae07-2e39-4dbd-99bd-f2c5ee90bea1'),
  ('35a6c3c3-1d9b-428c-93ad-21d4cf84ee39', '6b96eea1-1046-466a-838a-8ca0a180a908'),
  ('35a6c3c3-1d9b-428c-93ad-21d4cf84ee39', '1f6076a8-ef21-4e70-966a-e347c207910e'),
  ('35a6c3c3-1d9b-428c-93ad-21d4cf84ee39', '34addc7a-6b34-4579-ba8c-ba33358cbd5b'),
  ('35a6c3c3-1d9b-428c-93ad-21d4cf84ee39', 'da5bc97e-63aa-432d-8226-eaae267569c4'),
  ('35a6c3c3-1d9b-428c-93ad-21d4cf84ee39', '4d49a582-2f63-4304-aec1-42928381ded3'),
  ('35a6c3c3-1d9b-428c-93ad-21d4cf84ee39', 'cbadaa21-88f1-4ef5-9616-ad7fc6dfa5ac'),
  ('35a6c3c3-1d9b-428c-93ad-21d4cf84ee39', '732c7e68-9f45-4ee6-9fe0-d969daccf7c0'),
  ('35a6c3c3-1d9b-428c-93ad-21d4cf84ee39', 'df4808a3-a8b2-4e5c-8fb5-e8aa3cdac573'),
  ('35a6c3c3-1d9b-428c-93ad-21d4cf84ee39', '83f35804-8089-460a-a9fe-771fae13d201'),
  ('35a6c3c3-1d9b-428c-93ad-21d4cf84ee39', 'b41583ee-9bf8-4d5e-8f36-98e8cd81ea89'),
  ('35a6c3c3-1d9b-428c-93ad-21d4cf84ee39', '31b0f62b-abdc-45e0-9127-f2c3b07fdf7a'),
  ('35a6c3c3-1d9b-428c-93ad-21d4cf84ee39', '752d896e-455d-48aa-bd84-9535895e2550'),
  ('35a6c3c3-1d9b-428c-93ad-21d4cf84ee39', '5b17aee3-0ac3-498c-9c08-7a2f48fa80e4'),
  ('9922b129-afc4-4d62-8666-ba595b4fb0e4', '167f1057-abc0-4de2-a3c4-63c5c6f714ce'),
  ('9922b129-afc4-4d62-8666-ba595b4fb0e4', '8f0bb59b-54f0-445b-8761-f3c7038c6c12'),
  ('9922b129-afc4-4d62-8666-ba595b4fb0e4', '6db69806-bfe6-48e4-abc4-3a34c56a935c'),
  ('9922b129-afc4-4d62-8666-ba595b4fb0e4', 'a47c5980-6539-411d-a91b-3d69875eebec'),
  ('9922b129-afc4-4d62-8666-ba595b4fb0e4', '24866f27-ff25-4b63-97fe-086907d043fc'),
  ('9922b129-afc4-4d62-8666-ba595b4fb0e4', '76b350b9-8625-4553-b123-ee42829f1764'),
  ('9922b129-afc4-4d62-8666-ba595b4fb0e4', '0ecb2d8d-dde2-4c2d-b7d6-6fed67f552e4'),
  ('9922b129-afc4-4d62-8666-ba595b4fb0e4', 'c75b5a44-69bd-4e82-ba70-91a09352c66b'),
  ('9922b129-afc4-4d62-8666-ba595b4fb0e4', 'a3cc6c3d-b2d3-4ae4-8212-3d691a1aef69'),
  ('9922b129-afc4-4d62-8666-ba595b4fb0e4', 'a80260db-6eea-4623-ab0f-16e3eb9ccdac'),
  ('9922b129-afc4-4d62-8666-ba595b4fb0e4', 'b9b792e7-918e-4958-a89f-331eb7f99271'),
  ('0064358a-7b04-4841-9931-83e0e4df0259', '171e0750-1b53-472a-814e-80e4d2c07244'),
  ('0064358a-7b04-4841-9931-83e0e4df0259', 'a60cb5bf-7101-48fa-8a76-6785d8c9f98b'),
  ('0064358a-7b04-4841-9931-83e0e4df0259', 'bcec814d-30b9-47de-b75f-776b5171d53e'),
  ('0064358a-7b04-4841-9931-83e0e4df0259', 'c00e4671-0b77-4c6f-a504-305f1504434c'),
  ('0064358a-7b04-4841-9931-83e0e4df0259', '63ace80b-3f68-4f2a-85b2-454b2a56fb20'),
  ('0064358a-7b04-4841-9931-83e0e4df0259', '58980f96-1418-4207-8059-4d956857be28'),
  ('0064358a-7b04-4841-9931-83e0e4df0259', 'aa8dae07-2e39-4dbd-99bd-f2c5ee90bea1'),
  ('0064358a-7b04-4841-9931-83e0e4df0259', '6b96eea1-1046-466a-838a-8ca0a180a908'),
  ('0064358a-7b04-4841-9931-83e0e4df0259', '1f6076a8-ef21-4e70-966a-e347c207910e'),
  ('0064358a-7b04-4841-9931-83e0e4df0259', '34addc7a-6b34-4579-ba8c-ba33358cbd5b'),
  ('0064358a-7b04-4841-9931-83e0e4df0259', 'da5bc97e-63aa-432d-8226-eaae267569c4'),
  ('0064358a-7b04-4841-9931-83e0e4df0259', '4d49a582-2f63-4304-aec1-42928381ded3'),
  ('0064358a-7b04-4841-9931-83e0e4df0259', 'cbadaa21-88f1-4ef5-9616-ad7fc6dfa5ac'),
  ('0064358a-7b04-4841-9931-83e0e4df0259', '732c7e68-9f45-4ee6-9fe0-d969daccf7c0'),
  ('0064358a-7b04-4841-9931-83e0e4df0259', 'df4808a3-a8b2-4e5c-8fb5-e8aa3cdac573'),
  ('0064358a-7b04-4841-9931-83e0e4df0259', '83f35804-8089-460a-a9fe-771fae13d201'),
  ('0064358a-7b04-4841-9931-83e0e4df0259', 'b41583ee-9bf8-4d5e-8f36-98e8cd81ea89'),
  ('0064358a-7b04-4841-9931-83e0e4df0259', '31b0f62b-abdc-45e0-9127-f2c3b07fdf7a'),
  ('0064358a-7b04-4841-9931-83e0e4df0259', '752d896e-455d-48aa-bd84-9535895e2550'),
  ('0064358a-7b04-4841-9931-83e0e4df0259', '5b17aee3-0ac3-498c-9c08-7a2f48fa80e4'),
  ('e7a64515-3d8a-4ba4-85db-4c99f5cc0da9', '167f1057-abc0-4de2-a3c4-63c5c6f714ce'),
  ('e7a64515-3d8a-4ba4-85db-4c99f5cc0da9', '8f0bb59b-54f0-445b-8761-f3c7038c6c12'),
  ('e7a64515-3d8a-4ba4-85db-4c99f5cc0da9', '6db69806-bfe6-48e4-abc4-3a34c56a935c'),
  ('e7a64515-3d8a-4ba4-85db-4c99f5cc0da9', 'a47c5980-6539-411d-a91b-3d69875eebec'),
  ('e7a64515-3d8a-4ba4-85db-4c99f5cc0da9', '24866f27-ff25-4b63-97fe-086907d043fc'),
  ('e7a64515-3d8a-4ba4-85db-4c99f5cc0da9', '76b350b9-8625-4553-b123-ee42829f1764'),
  ('e7a64515-3d8a-4ba4-85db-4c99f5cc0da9', '0ecb2d8d-dde2-4c2d-b7d6-6fed67f552e4'),
  ('e7a64515-3d8a-4ba4-85db-4c99f5cc0da9', 'c75b5a44-69bd-4e82-ba70-91a09352c66b'),
  ('e7a64515-3d8a-4ba4-85db-4c99f5cc0da9', 'a3cc6c3d-b2d3-4ae4-8212-3d691a1aef69'),
  ('e7a64515-3d8a-4ba4-85db-4c99f5cc0da9', 'a80260db-6eea-4623-ab0f-16e3eb9ccdac'),
  ('e7a64515-3d8a-4ba4-85db-4c99f5cc0da9', 'b9b792e7-918e-4958-a89f-331eb7f99271'),
  ('dfe8f8e6-75b8-4d89-8bb6-0af15a97abbc', '171e0750-1b53-472a-814e-80e4d2c07244'),
  ('dfe8f8e6-75b8-4d89-8bb6-0af15a97abbc', 'a60cb5bf-7101-48fa-8a76-6785d8c9f98b'),
  ('dfe8f8e6-75b8-4d89-8bb6-0af15a97abbc', 'bcec814d-30b9-47de-b75f-776b5171d53e'),
  ('dfe8f8e6-75b8-4d89-8bb6-0af15a97abbc', 'c00e4671-0b77-4c6f-a504-305f1504434c'),
  ('dfe8f8e6-75b8-4d89-8bb6-0af15a97abbc', '63ace80b-3f68-4f2a-85b2-454b2a56fb20'),
  ('dfe8f8e6-75b8-4d89-8bb6-0af15a97abbc', '58980f96-1418-4207-8059-4d956857be28'),
  ('dfe8f8e6-75b8-4d89-8bb6-0af15a97abbc', 'aa8dae07-2e39-4dbd-99bd-f2c5ee90bea1'),
  ('dfe8f8e6-75b8-4d89-8bb6-0af15a97abbc', '6b96eea1-1046-466a-838a-8ca0a180a908'),
  ('dfe8f8e6-75b8-4d89-8bb6-0af15a97abbc', '1f6076a8-ef21-4e70-966a-e347c207910e'),
  ('dfe8f8e6-75b8-4d89-8bb6-0af15a97abbc', '34addc7a-6b34-4579-ba8c-ba33358cbd5b'),
  ('dfe8f8e6-75b8-4d89-8bb6-0af15a97abbc', 'da5bc97e-63aa-432d-8226-eaae267569c4'),
  ('dfe8f8e6-75b8-4d89-8bb6-0af15a97abbc', '4d49a582-2f63-4304-aec1-42928381ded3'),
  ('dfe8f8e6-75b8-4d89-8bb6-0af15a97abbc', 'cbadaa21-88f1-4ef5-9616-ad7fc6dfa5ac'),
  ('dfe8f8e6-75b8-4d89-8bb6-0af15a97abbc', '732c7e68-9f45-4ee6-9fe0-d969daccf7c0'),
  ('dfe8f8e6-75b8-4d89-8bb6-0af15a97abbc', 'df4808a3-a8b2-4e5c-8fb5-e8aa3cdac573'),
  ('dfe8f8e6-75b8-4d89-8bb6-0af15a97abbc', '83f35804-8089-460a-a9fe-771fae13d201'),
  ('dfe8f8e6-75b8-4d89-8bb6-0af15a97abbc', 'b41583ee-9bf8-4d5e-8f36-98e8cd81ea89'),
  ('dfe8f8e6-75b8-4d89-8bb6-0af15a97abbc', '31b0f62b-abdc-45e0-9127-f2c3b07fdf7a'),
  ('dfe8f8e6-75b8-4d89-8bb6-0af15a97abbc', '752d896e-455d-48aa-bd84-9535895e2550'),
  ('dfe8f8e6-75b8-4d89-8bb6-0af15a97abbc', '5b17aee3-0ac3-498c-9c08-7a2f48fa80e4'),
  ('12cd2240-2bca-4456-b309-8058d9fad950', '167f1057-abc0-4de2-a3c4-63c5c6f714ce'),
  ('12cd2240-2bca-4456-b309-8058d9fad950', '8f0bb59b-54f0-445b-8761-f3c7038c6c12'),
  ('12cd2240-2bca-4456-b309-8058d9fad950', '6db69806-bfe6-48e4-abc4-3a34c56a935c'),
  ('12cd2240-2bca-4456-b309-8058d9fad950', 'a47c5980-6539-411d-a91b-3d69875eebec'),
  ('12cd2240-2bca-4456-b309-8058d9fad950', '24866f27-ff25-4b63-97fe-086907d043fc'),
  ('12cd2240-2bca-4456-b309-8058d9fad950', '76b350b9-8625-4553-b123-ee42829f1764'),
  ('12cd2240-2bca-4456-b309-8058d9fad950', '0ecb2d8d-dde2-4c2d-b7d6-6fed67f552e4'),
  ('12cd2240-2bca-4456-b309-8058d9fad950', 'c75b5a44-69bd-4e82-ba70-91a09352c66b');

INSERT INTO product_colors (product_id, color_id) VALUES
  ('12cd2240-2bca-4456-b309-8058d9fad950', 'a3cc6c3d-b2d3-4ae4-8212-3d691a1aef69'),
  ('12cd2240-2bca-4456-b309-8058d9fad950', 'a80260db-6eea-4623-ab0f-16e3eb9ccdac'),
  ('12cd2240-2bca-4456-b309-8058d9fad950', 'b9b792e7-918e-4958-a89f-331eb7f99271'),
  ('b5166ef6-7c7e-459d-8f57-0c17bfe0ee90', '171e0750-1b53-472a-814e-80e4d2c07244'),
  ('b5166ef6-7c7e-459d-8f57-0c17bfe0ee90', 'a60cb5bf-7101-48fa-8a76-6785d8c9f98b'),
  ('b5166ef6-7c7e-459d-8f57-0c17bfe0ee90', 'bcec814d-30b9-47de-b75f-776b5171d53e'),
  ('b5166ef6-7c7e-459d-8f57-0c17bfe0ee90', 'c00e4671-0b77-4c6f-a504-305f1504434c'),
  ('b5166ef6-7c7e-459d-8f57-0c17bfe0ee90', '63ace80b-3f68-4f2a-85b2-454b2a56fb20'),
  ('b5166ef6-7c7e-459d-8f57-0c17bfe0ee90', '58980f96-1418-4207-8059-4d956857be28'),
  ('b5166ef6-7c7e-459d-8f57-0c17bfe0ee90', 'aa8dae07-2e39-4dbd-99bd-f2c5ee90bea1'),
  ('b5166ef6-7c7e-459d-8f57-0c17bfe0ee90', '6b96eea1-1046-466a-838a-8ca0a180a908'),
  ('b5166ef6-7c7e-459d-8f57-0c17bfe0ee90', '1f6076a8-ef21-4e70-966a-e347c207910e'),
  ('b5166ef6-7c7e-459d-8f57-0c17bfe0ee90', '34addc7a-6b34-4579-ba8c-ba33358cbd5b'),
  ('b5166ef6-7c7e-459d-8f57-0c17bfe0ee90', 'da5bc97e-63aa-432d-8226-eaae267569c4'),
  ('b5166ef6-7c7e-459d-8f57-0c17bfe0ee90', '4d49a582-2f63-4304-aec1-42928381ded3'),
  ('b5166ef6-7c7e-459d-8f57-0c17bfe0ee90', 'cbadaa21-88f1-4ef5-9616-ad7fc6dfa5ac'),
  ('b5166ef6-7c7e-459d-8f57-0c17bfe0ee90', '732c7e68-9f45-4ee6-9fe0-d969daccf7c0'),
  ('b5166ef6-7c7e-459d-8f57-0c17bfe0ee90', 'df4808a3-a8b2-4e5c-8fb5-e8aa3cdac573'),
  ('b5166ef6-7c7e-459d-8f57-0c17bfe0ee90', '83f35804-8089-460a-a9fe-771fae13d201'),
  ('b5166ef6-7c7e-459d-8f57-0c17bfe0ee90', 'b41583ee-9bf8-4d5e-8f36-98e8cd81ea89'),
  ('b5166ef6-7c7e-459d-8f57-0c17bfe0ee90', '31b0f62b-abdc-45e0-9127-f2c3b07fdf7a'),
  ('b5166ef6-7c7e-459d-8f57-0c17bfe0ee90', '752d896e-455d-48aa-bd84-9535895e2550'),
  ('b5166ef6-7c7e-459d-8f57-0c17bfe0ee90', '5b17aee3-0ac3-498c-9c08-7a2f48fa80e4'),
  ('2f84d260-f609-48eb-abc6-e767b7923167', '167f1057-abc0-4de2-a3c4-63c5c6f714ce'),
  ('2f84d260-f609-48eb-abc6-e767b7923167', '8f0bb59b-54f0-445b-8761-f3c7038c6c12'),
  ('2f84d260-f609-48eb-abc6-e767b7923167', '6db69806-bfe6-48e4-abc4-3a34c56a935c'),
  ('2f84d260-f609-48eb-abc6-e767b7923167', 'a47c5980-6539-411d-a91b-3d69875eebec'),
  ('2f84d260-f609-48eb-abc6-e767b7923167', '24866f27-ff25-4b63-97fe-086907d043fc'),
  ('2f84d260-f609-48eb-abc6-e767b7923167', '76b350b9-8625-4553-b123-ee42829f1764'),
  ('2f84d260-f609-48eb-abc6-e767b7923167', '0ecb2d8d-dde2-4c2d-b7d6-6fed67f552e4'),
  ('2f84d260-f609-48eb-abc6-e767b7923167', 'c75b5a44-69bd-4e82-ba70-91a09352c66b'),
  ('2f84d260-f609-48eb-abc6-e767b7923167', 'a3cc6c3d-b2d3-4ae4-8212-3d691a1aef69'),
  ('2f84d260-f609-48eb-abc6-e767b7923167', 'a80260db-6eea-4623-ab0f-16e3eb9ccdac'),
  ('2f84d260-f609-48eb-abc6-e767b7923167', 'b9b792e7-918e-4958-a89f-331eb7f99271'),
  ('14891bba-f30b-43e7-8809-e74ebcf9177b', '171e0750-1b53-472a-814e-80e4d2c07244'),
  ('14891bba-f30b-43e7-8809-e74ebcf9177b', 'a60cb5bf-7101-48fa-8a76-6785d8c9f98b'),
  ('14891bba-f30b-43e7-8809-e74ebcf9177b', 'bcec814d-30b9-47de-b75f-776b5171d53e'),
  ('14891bba-f30b-43e7-8809-e74ebcf9177b', 'c00e4671-0b77-4c6f-a504-305f1504434c'),
  ('14891bba-f30b-43e7-8809-e74ebcf9177b', '63ace80b-3f68-4f2a-85b2-454b2a56fb20'),
  ('14891bba-f30b-43e7-8809-e74ebcf9177b', '58980f96-1418-4207-8059-4d956857be28'),
  ('14891bba-f30b-43e7-8809-e74ebcf9177b', 'aa8dae07-2e39-4dbd-99bd-f2c5ee90bea1'),
  ('14891bba-f30b-43e7-8809-e74ebcf9177b', '6b96eea1-1046-466a-838a-8ca0a180a908'),
  ('14891bba-f30b-43e7-8809-e74ebcf9177b', '1f6076a8-ef21-4e70-966a-e347c207910e'),
  ('14891bba-f30b-43e7-8809-e74ebcf9177b', '34addc7a-6b34-4579-ba8c-ba33358cbd5b'),
  ('14891bba-f30b-43e7-8809-e74ebcf9177b', 'da5bc97e-63aa-432d-8226-eaae267569c4'),
  ('14891bba-f30b-43e7-8809-e74ebcf9177b', '4d49a582-2f63-4304-aec1-42928381ded3'),
  ('14891bba-f30b-43e7-8809-e74ebcf9177b', 'cbadaa21-88f1-4ef5-9616-ad7fc6dfa5ac'),
  ('14891bba-f30b-43e7-8809-e74ebcf9177b', '732c7e68-9f45-4ee6-9fe0-d969daccf7c0'),
  ('14891bba-f30b-43e7-8809-e74ebcf9177b', 'df4808a3-a8b2-4e5c-8fb5-e8aa3cdac573'),
  ('14891bba-f30b-43e7-8809-e74ebcf9177b', '83f35804-8089-460a-a9fe-771fae13d201'),
  ('14891bba-f30b-43e7-8809-e74ebcf9177b', 'b41583ee-9bf8-4d5e-8f36-98e8cd81ea89'),
  ('14891bba-f30b-43e7-8809-e74ebcf9177b', '31b0f62b-abdc-45e0-9127-f2c3b07fdf7a'),
  ('14891bba-f30b-43e7-8809-e74ebcf9177b', '752d896e-455d-48aa-bd84-9535895e2550'),
  ('14891bba-f30b-43e7-8809-e74ebcf9177b', '5b17aee3-0ac3-498c-9c08-7a2f48fa80e4'),
  ('74836343-7c53-497b-8d09-b7036d2174a3', '167f1057-abc0-4de2-a3c4-63c5c6f714ce'),
  ('74836343-7c53-497b-8d09-b7036d2174a3', '8f0bb59b-54f0-445b-8761-f3c7038c6c12'),
  ('74836343-7c53-497b-8d09-b7036d2174a3', '6db69806-bfe6-48e4-abc4-3a34c56a935c'),
  ('74836343-7c53-497b-8d09-b7036d2174a3', 'a47c5980-6539-411d-a91b-3d69875eebec'),
  ('74836343-7c53-497b-8d09-b7036d2174a3', '24866f27-ff25-4b63-97fe-086907d043fc'),
  ('74836343-7c53-497b-8d09-b7036d2174a3', '76b350b9-8625-4553-b123-ee42829f1764'),
  ('74836343-7c53-497b-8d09-b7036d2174a3', '0ecb2d8d-dde2-4c2d-b7d6-6fed67f552e4'),
  ('74836343-7c53-497b-8d09-b7036d2174a3', 'c75b5a44-69bd-4e82-ba70-91a09352c66b'),
  ('74836343-7c53-497b-8d09-b7036d2174a3', 'a3cc6c3d-b2d3-4ae4-8212-3d691a1aef69'),
  ('74836343-7c53-497b-8d09-b7036d2174a3', 'a80260db-6eea-4623-ab0f-16e3eb9ccdac'),
  ('74836343-7c53-497b-8d09-b7036d2174a3', 'b9b792e7-918e-4958-a89f-331eb7f99271'),
  ('2689a791-8a3d-4e91-a3eb-29cc247d43ee', '171e0750-1b53-472a-814e-80e4d2c07244'),
  ('2689a791-8a3d-4e91-a3eb-29cc247d43ee', 'a60cb5bf-7101-48fa-8a76-6785d8c9f98b'),
  ('2689a791-8a3d-4e91-a3eb-29cc247d43ee', 'bcec814d-30b9-47de-b75f-776b5171d53e'),
  ('2689a791-8a3d-4e91-a3eb-29cc247d43ee', 'c00e4671-0b77-4c6f-a504-305f1504434c'),
  ('2689a791-8a3d-4e91-a3eb-29cc247d43ee', '63ace80b-3f68-4f2a-85b2-454b2a56fb20'),
  ('2689a791-8a3d-4e91-a3eb-29cc247d43ee', '58980f96-1418-4207-8059-4d956857be28'),
  ('2689a791-8a3d-4e91-a3eb-29cc247d43ee', 'aa8dae07-2e39-4dbd-99bd-f2c5ee90bea1'),
  ('2689a791-8a3d-4e91-a3eb-29cc247d43ee', '6b96eea1-1046-466a-838a-8ca0a180a908'),
  ('2689a791-8a3d-4e91-a3eb-29cc247d43ee', '1f6076a8-ef21-4e70-966a-e347c207910e'),
  ('2689a791-8a3d-4e91-a3eb-29cc247d43ee', '34addc7a-6b34-4579-ba8c-ba33358cbd5b'),
  ('2689a791-8a3d-4e91-a3eb-29cc247d43ee', 'da5bc97e-63aa-432d-8226-eaae267569c4'),
  ('2689a791-8a3d-4e91-a3eb-29cc247d43ee', '4d49a582-2f63-4304-aec1-42928381ded3'),
  ('2689a791-8a3d-4e91-a3eb-29cc247d43ee', 'cbadaa21-88f1-4ef5-9616-ad7fc6dfa5ac'),
  ('2689a791-8a3d-4e91-a3eb-29cc247d43ee', '732c7e68-9f45-4ee6-9fe0-d969daccf7c0'),
  ('2689a791-8a3d-4e91-a3eb-29cc247d43ee', 'df4808a3-a8b2-4e5c-8fb5-e8aa3cdac573'),
  ('2689a791-8a3d-4e91-a3eb-29cc247d43ee', '83f35804-8089-460a-a9fe-771fae13d201'),
  ('2689a791-8a3d-4e91-a3eb-29cc247d43ee', 'b41583ee-9bf8-4d5e-8f36-98e8cd81ea89'),
  ('2689a791-8a3d-4e91-a3eb-29cc247d43ee', '31b0f62b-abdc-45e0-9127-f2c3b07fdf7a'),
  ('2689a791-8a3d-4e91-a3eb-29cc247d43ee', '752d896e-455d-48aa-bd84-9535895e2550'),
  ('2689a791-8a3d-4e91-a3eb-29cc247d43ee', '5b17aee3-0ac3-498c-9c08-7a2f48fa80e4'),
  ('9e16142b-c9e5-475a-8251-a38667f98dd8', '167f1057-abc0-4de2-a3c4-63c5c6f714ce'),
  ('9e16142b-c9e5-475a-8251-a38667f98dd8', '8f0bb59b-54f0-445b-8761-f3c7038c6c12'),
  ('9e16142b-c9e5-475a-8251-a38667f98dd8', '6db69806-bfe6-48e4-abc4-3a34c56a935c'),
  ('9e16142b-c9e5-475a-8251-a38667f98dd8', 'a47c5980-6539-411d-a91b-3d69875eebec'),
  ('9e16142b-c9e5-475a-8251-a38667f98dd8', '24866f27-ff25-4b63-97fe-086907d043fc'),
  ('9e16142b-c9e5-475a-8251-a38667f98dd8', '76b350b9-8625-4553-b123-ee42829f1764'),
  ('9e16142b-c9e5-475a-8251-a38667f98dd8', '0ecb2d8d-dde2-4c2d-b7d6-6fed67f552e4'),
  ('9e16142b-c9e5-475a-8251-a38667f98dd8', 'c75b5a44-69bd-4e82-ba70-91a09352c66b'),
  ('9e16142b-c9e5-475a-8251-a38667f98dd8', 'a3cc6c3d-b2d3-4ae4-8212-3d691a1aef69'),
  ('9e16142b-c9e5-475a-8251-a38667f98dd8', 'a80260db-6eea-4623-ab0f-16e3eb9ccdac'),
  ('9e16142b-c9e5-475a-8251-a38667f98dd8', 'b9b792e7-918e-4958-a89f-331eb7f99271'),
  ('ab526061-5e9b-462c-b51f-fea447857ae3', '171e0750-1b53-472a-814e-80e4d2c07244'),
  ('ab526061-5e9b-462c-b51f-fea447857ae3', 'a60cb5bf-7101-48fa-8a76-6785d8c9f98b'),
  ('ab526061-5e9b-462c-b51f-fea447857ae3', 'bcec814d-30b9-47de-b75f-776b5171d53e'),
  ('ab526061-5e9b-462c-b51f-fea447857ae3', 'c00e4671-0b77-4c6f-a504-305f1504434c'),
  ('ab526061-5e9b-462c-b51f-fea447857ae3', '63ace80b-3f68-4f2a-85b2-454b2a56fb20'),
  ('ab526061-5e9b-462c-b51f-fea447857ae3', '58980f96-1418-4207-8059-4d956857be28'),
  ('ab526061-5e9b-462c-b51f-fea447857ae3', 'aa8dae07-2e39-4dbd-99bd-f2c5ee90bea1'),
  ('ab526061-5e9b-462c-b51f-fea447857ae3', '6b96eea1-1046-466a-838a-8ca0a180a908'),
  ('ab526061-5e9b-462c-b51f-fea447857ae3', '1f6076a8-ef21-4e70-966a-e347c207910e'),
  ('ab526061-5e9b-462c-b51f-fea447857ae3', '34addc7a-6b34-4579-ba8c-ba33358cbd5b'),
  ('ab526061-5e9b-462c-b51f-fea447857ae3', 'da5bc97e-63aa-432d-8226-eaae267569c4'),
  ('ab526061-5e9b-462c-b51f-fea447857ae3', '4d49a582-2f63-4304-aec1-42928381ded3'),
  ('ab526061-5e9b-462c-b51f-fea447857ae3', 'cbadaa21-88f1-4ef5-9616-ad7fc6dfa5ac'),
  ('ab526061-5e9b-462c-b51f-fea447857ae3', '732c7e68-9f45-4ee6-9fe0-d969daccf7c0'),
  ('ab526061-5e9b-462c-b51f-fea447857ae3', 'df4808a3-a8b2-4e5c-8fb5-e8aa3cdac573'),
  ('ab526061-5e9b-462c-b51f-fea447857ae3', '83f35804-8089-460a-a9fe-771fae13d201'),
  ('ab526061-5e9b-462c-b51f-fea447857ae3', 'b41583ee-9bf8-4d5e-8f36-98e8cd81ea89'),
  ('ab526061-5e9b-462c-b51f-fea447857ae3', '31b0f62b-abdc-45e0-9127-f2c3b07fdf7a'),
  ('ab526061-5e9b-462c-b51f-fea447857ae3', '752d896e-455d-48aa-bd84-9535895e2550'),
  ('ab526061-5e9b-462c-b51f-fea447857ae3', '5b17aee3-0ac3-498c-9c08-7a2f48fa80e4'),
  ('5962283c-3578-4fd1-b700-ddc7b9fd9495', '167f1057-abc0-4de2-a3c4-63c5c6f714ce'),
  ('5962283c-3578-4fd1-b700-ddc7b9fd9495', '8f0bb59b-54f0-445b-8761-f3c7038c6c12'),
  ('5962283c-3578-4fd1-b700-ddc7b9fd9495', '6db69806-bfe6-48e4-abc4-3a34c56a935c'),
  ('5962283c-3578-4fd1-b700-ddc7b9fd9495', 'a47c5980-6539-411d-a91b-3d69875eebec'),
  ('5962283c-3578-4fd1-b700-ddc7b9fd9495', '24866f27-ff25-4b63-97fe-086907d043fc'),
  ('5962283c-3578-4fd1-b700-ddc7b9fd9495', '76b350b9-8625-4553-b123-ee42829f1764'),
  ('5962283c-3578-4fd1-b700-ddc7b9fd9495', '0ecb2d8d-dde2-4c2d-b7d6-6fed67f552e4'),
  ('5962283c-3578-4fd1-b700-ddc7b9fd9495', 'c75b5a44-69bd-4e82-ba70-91a09352c66b'),
  ('5962283c-3578-4fd1-b700-ddc7b9fd9495', 'a3cc6c3d-b2d3-4ae4-8212-3d691a1aef69'),
  ('5962283c-3578-4fd1-b700-ddc7b9fd9495', 'a80260db-6eea-4623-ab0f-16e3eb9ccdac'),
  ('5962283c-3578-4fd1-b700-ddc7b9fd9495', 'b9b792e7-918e-4958-a89f-331eb7f99271'),
  ('3b7565e7-7dc4-4a54-ac74-eb04a7ce02be', '171e0750-1b53-472a-814e-80e4d2c07244'),
  ('3b7565e7-7dc4-4a54-ac74-eb04a7ce02be', 'a60cb5bf-7101-48fa-8a76-6785d8c9f98b'),
  ('3b7565e7-7dc4-4a54-ac74-eb04a7ce02be', 'bcec814d-30b9-47de-b75f-776b5171d53e'),
  ('3b7565e7-7dc4-4a54-ac74-eb04a7ce02be', 'c00e4671-0b77-4c6f-a504-305f1504434c'),
  ('3b7565e7-7dc4-4a54-ac74-eb04a7ce02be', '63ace80b-3f68-4f2a-85b2-454b2a56fb20'),
  ('3b7565e7-7dc4-4a54-ac74-eb04a7ce02be', '58980f96-1418-4207-8059-4d956857be28'),
  ('3b7565e7-7dc4-4a54-ac74-eb04a7ce02be', 'aa8dae07-2e39-4dbd-99bd-f2c5ee90bea1'),
  ('3b7565e7-7dc4-4a54-ac74-eb04a7ce02be', '6b96eea1-1046-466a-838a-8ca0a180a908'),
  ('3b7565e7-7dc4-4a54-ac74-eb04a7ce02be', '1f6076a8-ef21-4e70-966a-e347c207910e'),
  ('3b7565e7-7dc4-4a54-ac74-eb04a7ce02be', '34addc7a-6b34-4579-ba8c-ba33358cbd5b'),
  ('3b7565e7-7dc4-4a54-ac74-eb04a7ce02be', 'da5bc97e-63aa-432d-8226-eaae267569c4'),
  ('3b7565e7-7dc4-4a54-ac74-eb04a7ce02be', '4d49a582-2f63-4304-aec1-42928381ded3'),
  ('3b7565e7-7dc4-4a54-ac74-eb04a7ce02be', 'cbadaa21-88f1-4ef5-9616-ad7fc6dfa5ac'),
  ('3b7565e7-7dc4-4a54-ac74-eb04a7ce02be', '732c7e68-9f45-4ee6-9fe0-d969daccf7c0'),
  ('3b7565e7-7dc4-4a54-ac74-eb04a7ce02be', 'df4808a3-a8b2-4e5c-8fb5-e8aa3cdac573'),
  ('3b7565e7-7dc4-4a54-ac74-eb04a7ce02be', '83f35804-8089-460a-a9fe-771fae13d201'),
  ('3b7565e7-7dc4-4a54-ac74-eb04a7ce02be', 'b41583ee-9bf8-4d5e-8f36-98e8cd81ea89'),
  ('3b7565e7-7dc4-4a54-ac74-eb04a7ce02be', '31b0f62b-abdc-45e0-9127-f2c3b07fdf7a'),
  ('3b7565e7-7dc4-4a54-ac74-eb04a7ce02be', '752d896e-455d-48aa-bd84-9535895e2550'),
  ('3b7565e7-7dc4-4a54-ac74-eb04a7ce02be', '5b17aee3-0ac3-498c-9c08-7a2f48fa80e4'),
  ('50dadd8d-7ab8-4d96-8429-6dff7262fe5f', '167f1057-abc0-4de2-a3c4-63c5c6f714ce'),
  ('50dadd8d-7ab8-4d96-8429-6dff7262fe5f', '8f0bb59b-54f0-445b-8761-f3c7038c6c12'),
  ('50dadd8d-7ab8-4d96-8429-6dff7262fe5f', '6db69806-bfe6-48e4-abc4-3a34c56a935c'),
  ('50dadd8d-7ab8-4d96-8429-6dff7262fe5f', 'a47c5980-6539-411d-a91b-3d69875eebec'),
  ('50dadd8d-7ab8-4d96-8429-6dff7262fe5f', '24866f27-ff25-4b63-97fe-086907d043fc'),
  ('50dadd8d-7ab8-4d96-8429-6dff7262fe5f', '76b350b9-8625-4553-b123-ee42829f1764'),
  ('50dadd8d-7ab8-4d96-8429-6dff7262fe5f', '0ecb2d8d-dde2-4c2d-b7d6-6fed67f552e4'),
  ('50dadd8d-7ab8-4d96-8429-6dff7262fe5f', 'c75b5a44-69bd-4e82-ba70-91a09352c66b'),
  ('50dadd8d-7ab8-4d96-8429-6dff7262fe5f', 'a3cc6c3d-b2d3-4ae4-8212-3d691a1aef69'),
  ('50dadd8d-7ab8-4d96-8429-6dff7262fe5f', 'a80260db-6eea-4623-ab0f-16e3eb9ccdac'),
  ('50dadd8d-7ab8-4d96-8429-6dff7262fe5f', 'b9b792e7-918e-4958-a89f-331eb7f99271'),
  ('b22e108c-ebb7-4160-8420-41b3ed5ad95e', '171e0750-1b53-472a-814e-80e4d2c07244'),
  ('b22e108c-ebb7-4160-8420-41b3ed5ad95e', 'a60cb5bf-7101-48fa-8a76-6785d8c9f98b'),
  ('b22e108c-ebb7-4160-8420-41b3ed5ad95e', 'bcec814d-30b9-47de-b75f-776b5171d53e'),
  ('b22e108c-ebb7-4160-8420-41b3ed5ad95e', 'c00e4671-0b77-4c6f-a504-305f1504434c'),
  ('b22e108c-ebb7-4160-8420-41b3ed5ad95e', '63ace80b-3f68-4f2a-85b2-454b2a56fb20'),
  ('b22e108c-ebb7-4160-8420-41b3ed5ad95e', '58980f96-1418-4207-8059-4d956857be28'),
  ('b22e108c-ebb7-4160-8420-41b3ed5ad95e', 'aa8dae07-2e39-4dbd-99bd-f2c5ee90bea1'),
  ('b22e108c-ebb7-4160-8420-41b3ed5ad95e', '6b96eea1-1046-466a-838a-8ca0a180a908'),
  ('b22e108c-ebb7-4160-8420-41b3ed5ad95e', '1f6076a8-ef21-4e70-966a-e347c207910e'),
  ('b22e108c-ebb7-4160-8420-41b3ed5ad95e', '34addc7a-6b34-4579-ba8c-ba33358cbd5b'),
  ('b22e108c-ebb7-4160-8420-41b3ed5ad95e', 'da5bc97e-63aa-432d-8226-eaae267569c4'),
  ('b22e108c-ebb7-4160-8420-41b3ed5ad95e', '4d49a582-2f63-4304-aec1-42928381ded3'),
  ('b22e108c-ebb7-4160-8420-41b3ed5ad95e', 'cbadaa21-88f1-4ef5-9616-ad7fc6dfa5ac'),
  ('b22e108c-ebb7-4160-8420-41b3ed5ad95e', '732c7e68-9f45-4ee6-9fe0-d969daccf7c0'),
  ('b22e108c-ebb7-4160-8420-41b3ed5ad95e', 'df4808a3-a8b2-4e5c-8fb5-e8aa3cdac573'),
  ('b22e108c-ebb7-4160-8420-41b3ed5ad95e', '83f35804-8089-460a-a9fe-771fae13d201'),
  ('b22e108c-ebb7-4160-8420-41b3ed5ad95e', 'b41583ee-9bf8-4d5e-8f36-98e8cd81ea89'),
  ('b22e108c-ebb7-4160-8420-41b3ed5ad95e', '31b0f62b-abdc-45e0-9127-f2c3b07fdf7a'),
  ('b22e108c-ebb7-4160-8420-41b3ed5ad95e', '752d896e-455d-48aa-bd84-9535895e2550'),
  ('b22e108c-ebb7-4160-8420-41b3ed5ad95e', '5b17aee3-0ac3-498c-9c08-7a2f48fa80e4'),
  ('7265595d-6385-4378-961c-d16be0e58c92', '167f1057-abc0-4de2-a3c4-63c5c6f714ce'),
  ('7265595d-6385-4378-961c-d16be0e58c92', '8f0bb59b-54f0-445b-8761-f3c7038c6c12'),
  ('7265595d-6385-4378-961c-d16be0e58c92', '6db69806-bfe6-48e4-abc4-3a34c56a935c'),
  ('7265595d-6385-4378-961c-d16be0e58c92', 'a47c5980-6539-411d-a91b-3d69875eebec'),
  ('7265595d-6385-4378-961c-d16be0e58c92', '24866f27-ff25-4b63-97fe-086907d043fc'),
  ('7265595d-6385-4378-961c-d16be0e58c92', '76b350b9-8625-4553-b123-ee42829f1764'),
  ('7265595d-6385-4378-961c-d16be0e58c92', '0ecb2d8d-dde2-4c2d-b7d6-6fed67f552e4'),
  ('7265595d-6385-4378-961c-d16be0e58c92', 'c75b5a44-69bd-4e82-ba70-91a09352c66b'),
  ('7265595d-6385-4378-961c-d16be0e58c92', 'a3cc6c3d-b2d3-4ae4-8212-3d691a1aef69'),
  ('7265595d-6385-4378-961c-d16be0e58c92', 'a80260db-6eea-4623-ab0f-16e3eb9ccdac'),
  ('7265595d-6385-4378-961c-d16be0e58c92', 'b9b792e7-918e-4958-a89f-331eb7f99271'),
  ('075842ba-14cd-43a4-b666-808eb3fc4c6c', '171e0750-1b53-472a-814e-80e4d2c07244'),
  ('075842ba-14cd-43a4-b666-808eb3fc4c6c', 'a60cb5bf-7101-48fa-8a76-6785d8c9f98b'),
  ('075842ba-14cd-43a4-b666-808eb3fc4c6c', 'bcec814d-30b9-47de-b75f-776b5171d53e'),
  ('075842ba-14cd-43a4-b666-808eb3fc4c6c', 'c00e4671-0b77-4c6f-a504-305f1504434c'),
  ('075842ba-14cd-43a4-b666-808eb3fc4c6c', '63ace80b-3f68-4f2a-85b2-454b2a56fb20'),
  ('075842ba-14cd-43a4-b666-808eb3fc4c6c', '58980f96-1418-4207-8059-4d956857be28'),
  ('075842ba-14cd-43a4-b666-808eb3fc4c6c', 'aa8dae07-2e39-4dbd-99bd-f2c5ee90bea1'),
  ('075842ba-14cd-43a4-b666-808eb3fc4c6c', '6b96eea1-1046-466a-838a-8ca0a180a908'),
  ('075842ba-14cd-43a4-b666-808eb3fc4c6c', '1f6076a8-ef21-4e70-966a-e347c207910e'),
  ('075842ba-14cd-43a4-b666-808eb3fc4c6c', '34addc7a-6b34-4579-ba8c-ba33358cbd5b'),
  ('075842ba-14cd-43a4-b666-808eb3fc4c6c', 'da5bc97e-63aa-432d-8226-eaae267569c4');

INSERT INTO product_colors (product_id, color_id) VALUES
  ('075842ba-14cd-43a4-b666-808eb3fc4c6c', '4d49a582-2f63-4304-aec1-42928381ded3'),
  ('075842ba-14cd-43a4-b666-808eb3fc4c6c', 'cbadaa21-88f1-4ef5-9616-ad7fc6dfa5ac'),
  ('075842ba-14cd-43a4-b666-808eb3fc4c6c', '732c7e68-9f45-4ee6-9fe0-d969daccf7c0'),
  ('075842ba-14cd-43a4-b666-808eb3fc4c6c', 'df4808a3-a8b2-4e5c-8fb5-e8aa3cdac573'),
  ('075842ba-14cd-43a4-b666-808eb3fc4c6c', '83f35804-8089-460a-a9fe-771fae13d201'),
  ('075842ba-14cd-43a4-b666-808eb3fc4c6c', 'b41583ee-9bf8-4d5e-8f36-98e8cd81ea89'),
  ('075842ba-14cd-43a4-b666-808eb3fc4c6c', '31b0f62b-abdc-45e0-9127-f2c3b07fdf7a'),
  ('075842ba-14cd-43a4-b666-808eb3fc4c6c', '752d896e-455d-48aa-bd84-9535895e2550'),
  ('075842ba-14cd-43a4-b666-808eb3fc4c6c', '5b17aee3-0ac3-498c-9c08-7a2f48fa80e4'),
  ('4a3d6d7b-024f-455f-a10c-e0969b048d47', '167f1057-abc0-4de2-a3c4-63c5c6f714ce'),
  ('4a3d6d7b-024f-455f-a10c-e0969b048d47', '8f0bb59b-54f0-445b-8761-f3c7038c6c12'),
  ('4a3d6d7b-024f-455f-a10c-e0969b048d47', '6db69806-bfe6-48e4-abc4-3a34c56a935c'),
  ('4a3d6d7b-024f-455f-a10c-e0969b048d47', 'a47c5980-6539-411d-a91b-3d69875eebec'),
  ('4a3d6d7b-024f-455f-a10c-e0969b048d47', '24866f27-ff25-4b63-97fe-086907d043fc'),
  ('4a3d6d7b-024f-455f-a10c-e0969b048d47', '76b350b9-8625-4553-b123-ee42829f1764'),
  ('4a3d6d7b-024f-455f-a10c-e0969b048d47', '0ecb2d8d-dde2-4c2d-b7d6-6fed67f552e4'),
  ('4a3d6d7b-024f-455f-a10c-e0969b048d47', 'c75b5a44-69bd-4e82-ba70-91a09352c66b'),
  ('4a3d6d7b-024f-455f-a10c-e0969b048d47', 'a3cc6c3d-b2d3-4ae4-8212-3d691a1aef69'),
  ('4a3d6d7b-024f-455f-a10c-e0969b048d47', 'a80260db-6eea-4623-ab0f-16e3eb9ccdac'),
  ('4a3d6d7b-024f-455f-a10c-e0969b048d47', 'b9b792e7-918e-4958-a89f-331eb7f99271'),
  ('b062c12f-3148-4d41-b8f2-6999cbf23e55', '171e0750-1b53-472a-814e-80e4d2c07244'),
  ('b062c12f-3148-4d41-b8f2-6999cbf23e55', 'a60cb5bf-7101-48fa-8a76-6785d8c9f98b'),
  ('b062c12f-3148-4d41-b8f2-6999cbf23e55', 'bcec814d-30b9-47de-b75f-776b5171d53e'),
  ('b062c12f-3148-4d41-b8f2-6999cbf23e55', 'c00e4671-0b77-4c6f-a504-305f1504434c'),
  ('b062c12f-3148-4d41-b8f2-6999cbf23e55', '63ace80b-3f68-4f2a-85b2-454b2a56fb20'),
  ('b062c12f-3148-4d41-b8f2-6999cbf23e55', '58980f96-1418-4207-8059-4d956857be28'),
  ('b062c12f-3148-4d41-b8f2-6999cbf23e55', 'aa8dae07-2e39-4dbd-99bd-f2c5ee90bea1'),
  ('b062c12f-3148-4d41-b8f2-6999cbf23e55', '6b96eea1-1046-466a-838a-8ca0a180a908'),
  ('b062c12f-3148-4d41-b8f2-6999cbf23e55', '1f6076a8-ef21-4e70-966a-e347c207910e'),
  ('b062c12f-3148-4d41-b8f2-6999cbf23e55', '34addc7a-6b34-4579-ba8c-ba33358cbd5b'),
  ('b062c12f-3148-4d41-b8f2-6999cbf23e55', 'da5bc97e-63aa-432d-8226-eaae267569c4'),
  ('b062c12f-3148-4d41-b8f2-6999cbf23e55', '4d49a582-2f63-4304-aec1-42928381ded3'),
  ('b062c12f-3148-4d41-b8f2-6999cbf23e55', 'cbadaa21-88f1-4ef5-9616-ad7fc6dfa5ac'),
  ('b062c12f-3148-4d41-b8f2-6999cbf23e55', '732c7e68-9f45-4ee6-9fe0-d969daccf7c0'),
  ('b062c12f-3148-4d41-b8f2-6999cbf23e55', 'df4808a3-a8b2-4e5c-8fb5-e8aa3cdac573'),
  ('b062c12f-3148-4d41-b8f2-6999cbf23e55', '83f35804-8089-460a-a9fe-771fae13d201'),
  ('b062c12f-3148-4d41-b8f2-6999cbf23e55', 'b41583ee-9bf8-4d5e-8f36-98e8cd81ea89'),
  ('b062c12f-3148-4d41-b8f2-6999cbf23e55', '31b0f62b-abdc-45e0-9127-f2c3b07fdf7a'),
  ('b062c12f-3148-4d41-b8f2-6999cbf23e55', '752d896e-455d-48aa-bd84-9535895e2550'),
  ('b062c12f-3148-4d41-b8f2-6999cbf23e55', '5b17aee3-0ac3-498c-9c08-7a2f48fa80e4'),
  ('cf3a8146-da17-4aba-b90c-7f0704a83305', '167f1057-abc0-4de2-a3c4-63c5c6f714ce'),
  ('cf3a8146-da17-4aba-b90c-7f0704a83305', '8f0bb59b-54f0-445b-8761-f3c7038c6c12'),
  ('cf3a8146-da17-4aba-b90c-7f0704a83305', '6db69806-bfe6-48e4-abc4-3a34c56a935c'),
  ('cf3a8146-da17-4aba-b90c-7f0704a83305', 'a47c5980-6539-411d-a91b-3d69875eebec'),
  ('cf3a8146-da17-4aba-b90c-7f0704a83305', '24866f27-ff25-4b63-97fe-086907d043fc'),
  ('cf3a8146-da17-4aba-b90c-7f0704a83305', '76b350b9-8625-4553-b123-ee42829f1764'),
  ('cf3a8146-da17-4aba-b90c-7f0704a83305', '0ecb2d8d-dde2-4c2d-b7d6-6fed67f552e4'),
  ('cf3a8146-da17-4aba-b90c-7f0704a83305', 'c75b5a44-69bd-4e82-ba70-91a09352c66b'),
  ('cf3a8146-da17-4aba-b90c-7f0704a83305', 'a3cc6c3d-b2d3-4ae4-8212-3d691a1aef69'),
  ('cf3a8146-da17-4aba-b90c-7f0704a83305', 'a80260db-6eea-4623-ab0f-16e3eb9ccdac'),
  ('cf3a8146-da17-4aba-b90c-7f0704a83305', 'b9b792e7-918e-4958-a89f-331eb7f99271'),
  ('dd0b5208-d599-449e-9019-9958813afd70', '171e0750-1b53-472a-814e-80e4d2c07244'),
  ('dd0b5208-d599-449e-9019-9958813afd70', 'a60cb5bf-7101-48fa-8a76-6785d8c9f98b'),
  ('dd0b5208-d599-449e-9019-9958813afd70', 'bcec814d-30b9-47de-b75f-776b5171d53e'),
  ('dd0b5208-d599-449e-9019-9958813afd70', 'c00e4671-0b77-4c6f-a504-305f1504434c'),
  ('dd0b5208-d599-449e-9019-9958813afd70', '63ace80b-3f68-4f2a-85b2-454b2a56fb20'),
  ('dd0b5208-d599-449e-9019-9958813afd70', '58980f96-1418-4207-8059-4d956857be28'),
  ('dd0b5208-d599-449e-9019-9958813afd70', 'aa8dae07-2e39-4dbd-99bd-f2c5ee90bea1'),
  ('dd0b5208-d599-449e-9019-9958813afd70', '6b96eea1-1046-466a-838a-8ca0a180a908'),
  ('dd0b5208-d599-449e-9019-9958813afd70', '1f6076a8-ef21-4e70-966a-e347c207910e'),
  ('dd0b5208-d599-449e-9019-9958813afd70', '34addc7a-6b34-4579-ba8c-ba33358cbd5b'),
  ('dd0b5208-d599-449e-9019-9958813afd70', 'da5bc97e-63aa-432d-8226-eaae267569c4'),
  ('dd0b5208-d599-449e-9019-9958813afd70', '4d49a582-2f63-4304-aec1-42928381ded3'),
  ('dd0b5208-d599-449e-9019-9958813afd70', 'cbadaa21-88f1-4ef5-9616-ad7fc6dfa5ac'),
  ('dd0b5208-d599-449e-9019-9958813afd70', '732c7e68-9f45-4ee6-9fe0-d969daccf7c0'),
  ('dd0b5208-d599-449e-9019-9958813afd70', 'df4808a3-a8b2-4e5c-8fb5-e8aa3cdac573'),
  ('dd0b5208-d599-449e-9019-9958813afd70', '83f35804-8089-460a-a9fe-771fae13d201'),
  ('dd0b5208-d599-449e-9019-9958813afd70', 'b41583ee-9bf8-4d5e-8f36-98e8cd81ea89'),
  ('dd0b5208-d599-449e-9019-9958813afd70', '31b0f62b-abdc-45e0-9127-f2c3b07fdf7a'),
  ('dd0b5208-d599-449e-9019-9958813afd70', '752d896e-455d-48aa-bd84-9535895e2550'),
  ('dd0b5208-d599-449e-9019-9958813afd70', '5b17aee3-0ac3-498c-9c08-7a2f48fa80e4'),
  ('16984a20-6680-4a09-bc5c-cb7e9a1a9e6c', '167f1057-abc0-4de2-a3c4-63c5c6f714ce'),
  ('16984a20-6680-4a09-bc5c-cb7e9a1a9e6c', '8f0bb59b-54f0-445b-8761-f3c7038c6c12'),
  ('16984a20-6680-4a09-bc5c-cb7e9a1a9e6c', '6db69806-bfe6-48e4-abc4-3a34c56a935c'),
  ('16984a20-6680-4a09-bc5c-cb7e9a1a9e6c', 'a47c5980-6539-411d-a91b-3d69875eebec'),
  ('16984a20-6680-4a09-bc5c-cb7e9a1a9e6c', '24866f27-ff25-4b63-97fe-086907d043fc'),
  ('16984a20-6680-4a09-bc5c-cb7e9a1a9e6c', '76b350b9-8625-4553-b123-ee42829f1764'),
  ('16984a20-6680-4a09-bc5c-cb7e9a1a9e6c', '0ecb2d8d-dde2-4c2d-b7d6-6fed67f552e4'),
  ('16984a20-6680-4a09-bc5c-cb7e9a1a9e6c', 'c75b5a44-69bd-4e82-ba70-91a09352c66b'),
  ('16984a20-6680-4a09-bc5c-cb7e9a1a9e6c', 'a3cc6c3d-b2d3-4ae4-8212-3d691a1aef69'),
  ('16984a20-6680-4a09-bc5c-cb7e9a1a9e6c', 'a80260db-6eea-4623-ab0f-16e3eb9ccdac'),
  ('16984a20-6680-4a09-bc5c-cb7e9a1a9e6c', 'b9b792e7-918e-4958-a89f-331eb7f99271'),
  ('a562110a-e9c4-419a-8689-22f5e17db1f4', '171e0750-1b53-472a-814e-80e4d2c07244'),
  ('a562110a-e9c4-419a-8689-22f5e17db1f4', 'a60cb5bf-7101-48fa-8a76-6785d8c9f98b'),
  ('a562110a-e9c4-419a-8689-22f5e17db1f4', 'bcec814d-30b9-47de-b75f-776b5171d53e'),
  ('a562110a-e9c4-419a-8689-22f5e17db1f4', 'c00e4671-0b77-4c6f-a504-305f1504434c'),
  ('a562110a-e9c4-419a-8689-22f5e17db1f4', '63ace80b-3f68-4f2a-85b2-454b2a56fb20'),
  ('a562110a-e9c4-419a-8689-22f5e17db1f4', '58980f96-1418-4207-8059-4d956857be28'),
  ('a562110a-e9c4-419a-8689-22f5e17db1f4', 'aa8dae07-2e39-4dbd-99bd-f2c5ee90bea1'),
  ('a562110a-e9c4-419a-8689-22f5e17db1f4', '6b96eea1-1046-466a-838a-8ca0a180a908'),
  ('a562110a-e9c4-419a-8689-22f5e17db1f4', '1f6076a8-ef21-4e70-966a-e347c207910e'),
  ('a562110a-e9c4-419a-8689-22f5e17db1f4', '34addc7a-6b34-4579-ba8c-ba33358cbd5b'),
  ('a562110a-e9c4-419a-8689-22f5e17db1f4', 'da5bc97e-63aa-432d-8226-eaae267569c4'),
  ('a562110a-e9c4-419a-8689-22f5e17db1f4', '4d49a582-2f63-4304-aec1-42928381ded3'),
  ('a562110a-e9c4-419a-8689-22f5e17db1f4', 'cbadaa21-88f1-4ef5-9616-ad7fc6dfa5ac'),
  ('a562110a-e9c4-419a-8689-22f5e17db1f4', '732c7e68-9f45-4ee6-9fe0-d969daccf7c0'),
  ('a562110a-e9c4-419a-8689-22f5e17db1f4', 'df4808a3-a8b2-4e5c-8fb5-e8aa3cdac573'),
  ('a562110a-e9c4-419a-8689-22f5e17db1f4', '83f35804-8089-460a-a9fe-771fae13d201'),
  ('a562110a-e9c4-419a-8689-22f5e17db1f4', 'b41583ee-9bf8-4d5e-8f36-98e8cd81ea89'),
  ('a562110a-e9c4-419a-8689-22f5e17db1f4', '31b0f62b-abdc-45e0-9127-f2c3b07fdf7a'),
  ('a562110a-e9c4-419a-8689-22f5e17db1f4', '752d896e-455d-48aa-bd84-9535895e2550'),
  ('a562110a-e9c4-419a-8689-22f5e17db1f4', '5b17aee3-0ac3-498c-9c08-7a2f48fa80e4'),
  ('c39f09f4-bb44-4141-9da9-9eeda52583e2', '167f1057-abc0-4de2-a3c4-63c5c6f714ce'),
  ('c39f09f4-bb44-4141-9da9-9eeda52583e2', '8f0bb59b-54f0-445b-8761-f3c7038c6c12'),
  ('c39f09f4-bb44-4141-9da9-9eeda52583e2', '6db69806-bfe6-48e4-abc4-3a34c56a935c'),
  ('c39f09f4-bb44-4141-9da9-9eeda52583e2', 'a47c5980-6539-411d-a91b-3d69875eebec'),
  ('c39f09f4-bb44-4141-9da9-9eeda52583e2', '24866f27-ff25-4b63-97fe-086907d043fc'),
  ('c39f09f4-bb44-4141-9da9-9eeda52583e2', '76b350b9-8625-4553-b123-ee42829f1764'),
  ('c39f09f4-bb44-4141-9da9-9eeda52583e2', '0ecb2d8d-dde2-4c2d-b7d6-6fed67f552e4'),
  ('c39f09f4-bb44-4141-9da9-9eeda52583e2', 'c75b5a44-69bd-4e82-ba70-91a09352c66b'),
  ('c39f09f4-bb44-4141-9da9-9eeda52583e2', 'a3cc6c3d-b2d3-4ae4-8212-3d691a1aef69'),
  ('c39f09f4-bb44-4141-9da9-9eeda52583e2', 'a80260db-6eea-4623-ab0f-16e3eb9ccdac'),
  ('c39f09f4-bb44-4141-9da9-9eeda52583e2', 'b9b792e7-918e-4958-a89f-331eb7f99271'),
  ('c3feb367-cc16-4de5-8a85-5ffadaecc171', '171e0750-1b53-472a-814e-80e4d2c07244'),
  ('c3feb367-cc16-4de5-8a85-5ffadaecc171', 'a60cb5bf-7101-48fa-8a76-6785d8c9f98b'),
  ('c3feb367-cc16-4de5-8a85-5ffadaecc171', 'bcec814d-30b9-47de-b75f-776b5171d53e'),
  ('c3feb367-cc16-4de5-8a85-5ffadaecc171', 'c00e4671-0b77-4c6f-a504-305f1504434c'),
  ('c3feb367-cc16-4de5-8a85-5ffadaecc171', '63ace80b-3f68-4f2a-85b2-454b2a56fb20'),
  ('c3feb367-cc16-4de5-8a85-5ffadaecc171', '58980f96-1418-4207-8059-4d956857be28'),
  ('c3feb367-cc16-4de5-8a85-5ffadaecc171', 'aa8dae07-2e39-4dbd-99bd-f2c5ee90bea1'),
  ('c3feb367-cc16-4de5-8a85-5ffadaecc171', '6b96eea1-1046-466a-838a-8ca0a180a908'),
  ('c3feb367-cc16-4de5-8a85-5ffadaecc171', '1f6076a8-ef21-4e70-966a-e347c207910e'),
  ('c3feb367-cc16-4de5-8a85-5ffadaecc171', '34addc7a-6b34-4579-ba8c-ba33358cbd5b'),
  ('c3feb367-cc16-4de5-8a85-5ffadaecc171', 'da5bc97e-63aa-432d-8226-eaae267569c4'),
  ('c3feb367-cc16-4de5-8a85-5ffadaecc171', '4d49a582-2f63-4304-aec1-42928381ded3'),
  ('c3feb367-cc16-4de5-8a85-5ffadaecc171', 'cbadaa21-88f1-4ef5-9616-ad7fc6dfa5ac'),
  ('c3feb367-cc16-4de5-8a85-5ffadaecc171', '732c7e68-9f45-4ee6-9fe0-d969daccf7c0'),
  ('c3feb367-cc16-4de5-8a85-5ffadaecc171', 'df4808a3-a8b2-4e5c-8fb5-e8aa3cdac573'),
  ('c3feb367-cc16-4de5-8a85-5ffadaecc171', '83f35804-8089-460a-a9fe-771fae13d201'),
  ('c3feb367-cc16-4de5-8a85-5ffadaecc171', 'b41583ee-9bf8-4d5e-8f36-98e8cd81ea89'),
  ('c3feb367-cc16-4de5-8a85-5ffadaecc171', '31b0f62b-abdc-45e0-9127-f2c3b07fdf7a'),
  ('c3feb367-cc16-4de5-8a85-5ffadaecc171', '752d896e-455d-48aa-bd84-9535895e2550'),
  ('c3feb367-cc16-4de5-8a85-5ffadaecc171', '5b17aee3-0ac3-498c-9c08-7a2f48fa80e4'),
  ('400eb7f4-f653-4e49-803e-b7500b592e67', '167f1057-abc0-4de2-a3c4-63c5c6f714ce'),
  ('400eb7f4-f653-4e49-803e-b7500b592e67', '8f0bb59b-54f0-445b-8761-f3c7038c6c12'),
  ('400eb7f4-f653-4e49-803e-b7500b592e67', '6db69806-bfe6-48e4-abc4-3a34c56a935c'),
  ('400eb7f4-f653-4e49-803e-b7500b592e67', 'a47c5980-6539-411d-a91b-3d69875eebec'),
  ('400eb7f4-f653-4e49-803e-b7500b592e67', '24866f27-ff25-4b63-97fe-086907d043fc'),
  ('400eb7f4-f653-4e49-803e-b7500b592e67', '76b350b9-8625-4553-b123-ee42829f1764'),
  ('400eb7f4-f653-4e49-803e-b7500b592e67', '0ecb2d8d-dde2-4c2d-b7d6-6fed67f552e4'),
  ('400eb7f4-f653-4e49-803e-b7500b592e67', 'c75b5a44-69bd-4e82-ba70-91a09352c66b'),
  ('400eb7f4-f653-4e49-803e-b7500b592e67', 'a3cc6c3d-b2d3-4ae4-8212-3d691a1aef69'),
  ('400eb7f4-f653-4e49-803e-b7500b592e67', 'a80260db-6eea-4623-ab0f-16e3eb9ccdac'),
  ('400eb7f4-f653-4e49-803e-b7500b592e67', 'b9b792e7-918e-4958-a89f-331eb7f99271'),
  ('3c8c03ad-2887-49d2-8623-1125e3c10a3f', '171e0750-1b53-472a-814e-80e4d2c07244'),
  ('3c8c03ad-2887-49d2-8623-1125e3c10a3f', 'a60cb5bf-7101-48fa-8a76-6785d8c9f98b'),
  ('3c8c03ad-2887-49d2-8623-1125e3c10a3f', 'bcec814d-30b9-47de-b75f-776b5171d53e'),
  ('3c8c03ad-2887-49d2-8623-1125e3c10a3f', 'c00e4671-0b77-4c6f-a504-305f1504434c'),
  ('3c8c03ad-2887-49d2-8623-1125e3c10a3f', '63ace80b-3f68-4f2a-85b2-454b2a56fb20'),
  ('3c8c03ad-2887-49d2-8623-1125e3c10a3f', '58980f96-1418-4207-8059-4d956857be28'),
  ('3c8c03ad-2887-49d2-8623-1125e3c10a3f', 'aa8dae07-2e39-4dbd-99bd-f2c5ee90bea1'),
  ('3c8c03ad-2887-49d2-8623-1125e3c10a3f', '6b96eea1-1046-466a-838a-8ca0a180a908'),
  ('3c8c03ad-2887-49d2-8623-1125e3c10a3f', '1f6076a8-ef21-4e70-966a-e347c207910e'),
  ('3c8c03ad-2887-49d2-8623-1125e3c10a3f', '34addc7a-6b34-4579-ba8c-ba33358cbd5b'),
  ('3c8c03ad-2887-49d2-8623-1125e3c10a3f', 'da5bc97e-63aa-432d-8226-eaae267569c4'),
  ('3c8c03ad-2887-49d2-8623-1125e3c10a3f', '4d49a582-2f63-4304-aec1-42928381ded3'),
  ('3c8c03ad-2887-49d2-8623-1125e3c10a3f', 'cbadaa21-88f1-4ef5-9616-ad7fc6dfa5ac'),
  ('3c8c03ad-2887-49d2-8623-1125e3c10a3f', '732c7e68-9f45-4ee6-9fe0-d969daccf7c0'),
  ('3c8c03ad-2887-49d2-8623-1125e3c10a3f', 'df4808a3-a8b2-4e5c-8fb5-e8aa3cdac573'),
  ('3c8c03ad-2887-49d2-8623-1125e3c10a3f', '83f35804-8089-460a-a9fe-771fae13d201'),
  ('3c8c03ad-2887-49d2-8623-1125e3c10a3f', 'b41583ee-9bf8-4d5e-8f36-98e8cd81ea89'),
  ('3c8c03ad-2887-49d2-8623-1125e3c10a3f', '31b0f62b-abdc-45e0-9127-f2c3b07fdf7a'),
  ('3c8c03ad-2887-49d2-8623-1125e3c10a3f', '752d896e-455d-48aa-bd84-9535895e2550'),
  ('3c8c03ad-2887-49d2-8623-1125e3c10a3f', '5b17aee3-0ac3-498c-9c08-7a2f48fa80e4'),
  ('3210e6fa-2706-49f4-9624-89ec2317360f', '167f1057-abc0-4de2-a3c4-63c5c6f714ce'),
  ('3210e6fa-2706-49f4-9624-89ec2317360f', '8f0bb59b-54f0-445b-8761-f3c7038c6c12'),
  ('3210e6fa-2706-49f4-9624-89ec2317360f', '6db69806-bfe6-48e4-abc4-3a34c56a935c'),
  ('3210e6fa-2706-49f4-9624-89ec2317360f', 'a47c5980-6539-411d-a91b-3d69875eebec'),
  ('3210e6fa-2706-49f4-9624-89ec2317360f', '24866f27-ff25-4b63-97fe-086907d043fc'),
  ('3210e6fa-2706-49f4-9624-89ec2317360f', '76b350b9-8625-4553-b123-ee42829f1764'),
  ('3210e6fa-2706-49f4-9624-89ec2317360f', '0ecb2d8d-dde2-4c2d-b7d6-6fed67f552e4'),
  ('3210e6fa-2706-49f4-9624-89ec2317360f', 'c75b5a44-69bd-4e82-ba70-91a09352c66b'),
  ('3210e6fa-2706-49f4-9624-89ec2317360f', 'a3cc6c3d-b2d3-4ae4-8212-3d691a1aef69'),
  ('3210e6fa-2706-49f4-9624-89ec2317360f', 'a80260db-6eea-4623-ab0f-16e3eb9ccdac'),
  ('3210e6fa-2706-49f4-9624-89ec2317360f', 'b9b792e7-918e-4958-a89f-331eb7f99271'),
  ('6643265d-a0a4-4ef9-b371-3fcef31fddf5', '1f22048a-da0a-4a31-9263-6240a3b27715'),
  ('6643265d-a0a4-4ef9-b371-3fcef31fddf5', 'cbadaa21-88f1-4ef5-9616-ad7fc6dfa5ac'),
  ('6643265d-a0a4-4ef9-b371-3fcef31fddf5', 'da5bc97e-63aa-432d-8226-eaae267569c4'),
  ('6643265d-a0a4-4ef9-b371-3fcef31fddf5', 'c00e4671-0b77-4c6f-a504-305f1504434c'),
  ('6643265d-a0a4-4ef9-b371-3fcef31fddf5', 'a5f3cc66-af2c-416a-ae11-5b1179bf4da2'),
  ('6643265d-a0a4-4ef9-b371-3fcef31fddf5', 'fbf08598-b3a7-4c36-8281-62dd1972ce70'),
  ('6643265d-a0a4-4ef9-b371-3fcef31fddf5', '5b17aee3-0ac3-498c-9c08-7a2f48fa80e4'),
  ('6643265d-a0a4-4ef9-b371-3fcef31fddf5', '4262bdd7-061e-49b2-8917-383fb0c78f6b'),
  ('6643265d-a0a4-4ef9-b371-3fcef31fddf5', '31b0f62b-abdc-45e0-9127-f2c3b07fdf7a'),
  ('6643265d-a0a4-4ef9-b371-3fcef31fddf5', '6b96eea1-1046-466a-838a-8ca0a180a908'),
  ('6643265d-a0a4-4ef9-b371-3fcef31fddf5', 'faa8100a-b523-4b9c-b047-a6b1b1248903'),
  ('6643265d-a0a4-4ef9-b371-3fcef31fddf5', 'aa8dae07-2e39-4dbd-99bd-f2c5ee90bea1'),
  ('6643265d-a0a4-4ef9-b371-3fcef31fddf5', '488599a3-c0cd-47bc-8e8e-4b2afbf7d5ed'),
  ('6643265d-a0a4-4ef9-b371-3fcef31fddf5', '11361127-31c1-4684-b9e0-d315b121116c'),
  ('6643265d-a0a4-4ef9-b371-3fcef31fddf5', 'a33483a0-e15e-4db3-bef5-e174d960d06b'),
  ('6643265d-a0a4-4ef9-b371-3fcef31fddf5', '4218d9e6-8ba2-4bec-805e-accab8f84368'),
  ('6643265d-a0a4-4ef9-b371-3fcef31fddf5', '660d1dcb-8062-4fba-a622-7325a48a8ca0'),
  ('6643265d-a0a4-4ef9-b371-3fcef31fddf5', '1f6076a8-ef21-4e70-966a-e347c207910e'),
  ('6643265d-a0a4-4ef9-b371-3fcef31fddf5', '83f35804-8089-460a-a9fe-771fae13d201'),
  ('6643265d-a0a4-4ef9-b371-3fcef31fddf5', '732c7e68-9f45-4ee6-9fe0-d969daccf7c0'),
  ('6643265d-a0a4-4ef9-b371-3fcef31fddf5', 'df09d032-93c0-4adb-80fd-aa6ce9fcf255'),
  ('5cbee91c-9bf7-4c34-99e1-92be83490c35', '167f1057-abc0-4de2-a3c4-63c5c6f714ce'),
  ('5cbee91c-9bf7-4c34-99e1-92be83490c35', '8f0bb59b-54f0-445b-8761-f3c7038c6c12'),
  ('5cbee91c-9bf7-4c34-99e1-92be83490c35', '6db69806-bfe6-48e4-abc4-3a34c56a935c'),
  ('5cbee91c-9bf7-4c34-99e1-92be83490c35', 'a47c5980-6539-411d-a91b-3d69875eebec');

INSERT INTO product_colors (product_id, color_id) VALUES
  ('5cbee91c-9bf7-4c34-99e1-92be83490c35', '24866f27-ff25-4b63-97fe-086907d043fc'),
  ('5cbee91c-9bf7-4c34-99e1-92be83490c35', '76b350b9-8625-4553-b123-ee42829f1764'),
  ('5cbee91c-9bf7-4c34-99e1-92be83490c35', '0ecb2d8d-dde2-4c2d-b7d6-6fed67f552e4'),
  ('5cbee91c-9bf7-4c34-99e1-92be83490c35', 'c75b5a44-69bd-4e82-ba70-91a09352c66b'),
  ('5cbee91c-9bf7-4c34-99e1-92be83490c35', 'a3cc6c3d-b2d3-4ae4-8212-3d691a1aef69'),
  ('5cbee91c-9bf7-4c34-99e1-92be83490c35', 'a80260db-6eea-4623-ab0f-16e3eb9ccdac'),
  ('5cbee91c-9bf7-4c34-99e1-92be83490c35', 'b9b792e7-918e-4958-a89f-331eb7f99271'),
  ('c79d091e-ae12-4c0f-97c1-30cd9a2a5888', '1de906f0-dc27-4678-8417-881d592f873f'),
  ('66234c31-d52b-402e-8159-a08b3f57dd16', 'fae8b5ab-5db2-4b3a-a14a-381bc755aed8'),
  ('527f2db9-9a1f-4cbf-8dd0-c5c9941ac5d4', '1de906f0-dc27-4678-8417-881d592f873f'),
  ('9c49cf36-746d-4857-bdb5-42e324f43ca1', 'cabd27de-865c-4c3e-84e0-2b04c18552b3'),
  ('80fc072e-52be-4d85-9c41-6250aefc82e9', 'aa8dae07-2e39-4dbd-99bd-f2c5ee90bea1'),
  ('e25cfc69-2580-4874-9a09-8b6cfa37e361', '85483166-32c3-44b6-9d88-4b7504a3807c'),
  ('60156c48-db12-4255-b189-de1f167de702', '1de906f0-dc27-4678-8417-881d592f873f'),
  ('60156c48-db12-4255-b189-de1f167de702', 'cabd27de-865c-4c3e-84e0-2b04c18552b3'),
  ('72e1b3cf-ea40-4ec9-8f37-9c850fcf13a3', '85483166-32c3-44b6-9d88-4b7504a3807c'),
  ('8d45ce90-0981-4457-849b-070779b38af7', '85483166-32c3-44b6-9d88-4b7504a3807c'),
  ('22bceb6b-ffd5-412c-baf2-f0f03cf41cfc', '85483166-32c3-44b6-9d88-4b7504a3807c'),
  ('b0677d32-98c1-4dc6-8d87-7af49852e74e', '85483166-32c3-44b6-9d88-4b7504a3807c'),
  ('6386aff6-d5be-408e-be7c-75047de515c4', '85483166-32c3-44b6-9d88-4b7504a3807c'),
  ('1291f952-d0bc-468f-b121-dcdebf6e6bc1', '85483166-32c3-44b6-9d88-4b7504a3807c'),
  ('f75e48ce-8181-4b5d-8a83-1bd7e852c4ce', '85483166-32c3-44b6-9d88-4b7504a3807c'),
  ('3a1e8c96-81e6-44a0-a11c-f3a36cdc6d85', '85483166-32c3-44b6-9d88-4b7504a3807c'),
  ('c22a2c4e-2d98-4a28-ac86-900400ee20d3', '85483166-32c3-44b6-9d88-4b7504a3807c'),
  ('0e1c5b3e-153b-4ff8-acc6-873f4b1cb4f7', '85483166-32c3-44b6-9d88-4b7504a3807c'),
  ('cfb10dab-f1f5-4324-9d59-03511e9a391a', '85483166-32c3-44b6-9d88-4b7504a3807c'),
  ('a12ea492-405d-470f-99af-d818db5dd409', '85483166-32c3-44b6-9d88-4b7504a3807c'),
  ('4f7a9873-9706-432a-ad86-9a9a2bd63b83', '85483166-32c3-44b6-9d88-4b7504a3807c'),
  ('dcef870c-d9ea-4810-98de-407227d9970c', '85483166-32c3-44b6-9d88-4b7504a3807c'),
  ('cda93a8b-0d31-45a1-8b33-2d5515a9aa2a', '85483166-32c3-44b6-9d88-4b7504a3807c'),
  ('dbb6f073-8f33-48c1-833b-ce4e0de8a05b', '85483166-32c3-44b6-9d88-4b7504a3807c');

COMMIT;

-- Verify:
-- SELECT COUNT(*) FROM colors;         -- 47
-- SELECT COUNT(*) FROM products;       -- 116
-- SELECT COUNT(*) FROM product_colors; -- 831
-- SELECT catalog_section, COUNT(*) FROM products GROUP BY 1 ORDER BY 1;